event_id,user_id,day,hour,day_of_week,is_weekend,send_timestamp,opened,response_delay_minutes,open_timestamp
U_1_day0_h12,U_1,0,12,0,0,2025-01-01 12:19:00,0,-1,
U_2_day0_h1,U_2,0,1,0,0,2025-01-01 01:45:00,0,-1,
U_3_day0_h10,U_3,0,10,0,0,2025-01-01 10:08:00,0,-1,
U_4_day0_h10,U_4,0,10,0,0,2025-01-01 10:59:00,0,-1,
U_5_day0_h7,U_5,0,7,0,0,2025-01-01 07:59:00,0,-1,
U_6_day0_h12,U_6,0,12,0,0,2025-01-01 12:22:00,0,-1,
U_7_day0_h17,U_7,0,17,0,0,2025-01-01 17:59:00,0,-1,
U_8_day0_h14,U_8,0,14,0,0,2025-01-01 14:17:00,0,-1,
U_9_day0_h17,U_9,0,17,0,0,2025-01-01 17:21:00,0,-1,
U_10_day0_h15,U_10,0,15,0,0,2025-01-01 15:27:00,0,-1,
U_11_day0_h14,U_11,0,14,0,0,2025-01-01 14:27:00,0,-1,
U_12_day0_h12,U_12,0,12,0,0,2025-01-01 12:35:00,1,46,2025-01-01 13:21:00
U_13_day0_h9,U_13,0,9,0,0,2025-01-01 09:57:00,0,-1,
U_14_day0_h22,U_14,0,22,0,0,2025-01-01 22:22:00,0,-1,
U_15_day0_h12,U_15,0,12,0,0,2025-01-01 12:02:00,1,40,2025-01-01 12:42:00
U_16_day0_h21,U_16,0,21,0,0,2025-01-01 21:06:00,0,-1,
U_17_day0_h15,U_17,0,15,0,0,2025-01-01 15:16:00,0,-1,
U_18_day0_h16,U_18,0,16,0,0,2025-01-01 16:55:00,0,-1,
U_19_day0_h5,U_19,0,5,0,0,2025-01-01 05:26:00,0,-1,
U_20_day0_h10,U_20,0,10,0,0,2025-01-01 10:22:00,0,-1,
U_21_day0_h14,U_21,0,14,0,0,2025-01-01 14:58:00,0,-1,
U_22_day0_h13,U_22,0,13,0,0,2025-01-01 13:33:00,1,5,2025-01-01 13:38:00
U_23_day0_h16,U_23,0,16,0,0,2025-01-01 16:41:00,0,-1,
U_24_day0_h11,U_24,0,11,0,0,2025-01-01 11:16:00,0,-1,
U_25_day0_h18,U_25,0,18,0,0,2025-01-01 18:02:00,1,6,2025-01-01 18:08:00
U_26_day0_h13,U_26,0,13,0,0,2025-01-01 13:30:00,0,-1,
U_27_day0_h20,U_27,0,20,0,0,2025-01-01 20:11:00,1,3,2025-01-01 20:14:00
U_28_day0_h12,U_28,0,12,0,0,2025-01-01 12:12:00,0,-1,
U_29_day0_h13,U_29,0,13,0,0,2025-01-01 13:14:00,0,-1,
U_30_day0_h10,U_30,0,10,0,0,2025-01-01 10:17:00,0,-1,
U_31_day0_h11,U_31,0,11,0,0,2025-01-01 11:28:00,0,-1,
U_32_day0_h18,U_32,0,18,0,0,2025-01-01 18:03:00,0,-1,
U_33_day0_h15,U_33,0,15,0,0,2025-01-01 15:14:00,1,3,2025-01-01 15:17:00
U_34_day0_h17,U_34,0,17,0,0,2025-01-01 17:13:00,0,-1,
U_35_day0_h6,U_35,0,6,0,0,2025-01-01 06:39:00,0,-1,
U_36_day0_h12,U_36,0,12,0,0,2025-01-01 12:35:00,1,10,2025-01-01 12:45:00
U_37_day0_h9,U_37,0,9,0,0,2025-01-01 09:54:00,1,1,2025-01-01 09:55:00
U_38_day0_h23,U_38,0,23,0,0,2025-01-01 23:49:00,0,-1,
U_39_day0_h19,U_39,0,19,0,0,2025-01-01 19:20:00,0,-1,
U_40_day0_h22,U_40,0,22,0,0,2025-01-01 22:43:00,0,-1,
U_41_day0_h8,U_41,0,8,0,0,2025-01-01 08:18:00,0,-1,
U_42_day0_h15,U_42,0,15,0,0,2025-01-01 15:42:00,0,-1,
U_43_day0_h19,U_43,0,19,0,0,2025-01-01 19:22:00,0,-1,
U_44_day0_h13,U_44,0,13,0,0,2025-01-01 13:14:00,0,-1,
U_45_day0_h11,U_45,0,11,0,0,2025-01-01 11:00:00,0,-1,
U_46_day0_h17,U_46,0,17,0,0,2025-01-01 17:29:00,0,-1,
U_47_day0_h19,U_47,0,19,0,0,2025-01-01 19:56:00,1,3,2025-01-01 19:59:00
U_48_day0_h12,U_48,0,12,0,0,2025-01-01 12:02:00,0,-1,
U_49_day0_h21,U_49,0,21,0,0,2025-01-01 21:53:00,0,-1,
U_50_day0_h17,U_50,0,17,0,0,2025-01-01 17:02:00,0,-1,
U_51_day0_h19,U_51,0,19,0,0,2025-01-01 19:59:00,1,3,2025-01-01 20:02:00
U_52_day0_h19,U_52,0,19,0,0,2025-01-01 19:21:00,0,-1,
U_53_day0_h6,U_53,0,6,0,0,2025-01-01 06:38:00,0,-1,
U_54_day0_h14,U_54,0,14,0,0,2025-01-01 14:43:00,1,0,2025-01-01 14:43:00
U_55_day0_h13,U_55,0,13,0,0,2025-01-01 13:52:00,0,-1,
U_56_day0_h9,U_56,0,9,0,0,2025-01-01 09:28:00,0,-1,
U_57_day0_h13,U_57,0,13,0,0,2025-01-01 13:08:00,0,-1,
U_58_day0_h19,U_58,0,19,0,0,2025-01-01 19:59:00,0,-1,
U_59_day0_h8,U_59,0,8,0,0,2025-01-01 08:20:00,0,-1,
U_60_day0_h8,U_60,0,8,0,0,2025-01-01 08:53:00,0,-1,
U_61_day0_h13,U_61,0,13,0,0,2025-01-01 13:09:00,0,-1,
U_62_day0_h13,U_62,0,13,0,0,2025-01-01 13:43:00,0,-1,
U_63_day0_h18,U_63,0,18,0,0,2025-01-01 18:03:00,0,-1,
U_64_day0_h14,U_64,0,14,0,0,2025-01-01 14:13:00,0,-1,
U_65_day0_h13,U_65,0,13,0,0,2025-01-01 13:57:00,1,10,2025-01-01 14:07:00
U_66_day0_h19,U_66,0,19,0,0,2025-01-01 19:49:00,1,45,2025-01-01 20:34:00
U_67_day0_h12,U_67,0,12,0,0,2025-01-01 12:46:00,0,-1,
U_68_day0_h20,U_68,0,20,0,0,2025-01-01 20:04:00,0,-1,
U_69_day0_h18,U_69,0,18,0,0,2025-01-01 18:02:00,0,-1,
U_70_day0_h21,U_70,0,21,0,0,2025-01-01 21:35:00,1,0,2025-01-01 21:35:00
U_71_day0_h11,U_71,0,11,0,0,2025-01-01 11:49:00,1,14,2025-01-01 12:03:00
U_72_day0_h19,U_72,0,19,0,0,2025-01-01 19:05:00,0,-1,
U_73_day0_h17,U_73,0,17,0,0,2025-01-01 17:34:00,0,-1,
U_74_day0_h21,U_74,0,21,0,0,2025-01-01 21:21:00,0,-1,
U_75_day0_h10,U_75,0,10,0,0,2025-01-01 10:30:00,0,-1,
U_76_day0_h11,U_76,0,11,0,0,2025-01-01 11:54:00,0,-1,
U_77_day0_h12,U_77,0,12,0,0,2025-01-01 12:02:00,1,0,2025-01-01 12:02:00
U_78_day0_h20,U_78,0,20,0,0,2025-01-01 20:21:00,0,-1,
U_79_day0_h20,U_79,0,20,0,0,2025-01-01 20:41:00,0,-1,
U_80_day0_h11,U_80,0,11,0,0,2025-01-01 11:04:00,1,4,2025-01-01 11:08:00
U_81_day0_h21,U_81,0,21,0,0,2025-01-01 21:53:00,1,0,2025-01-01 21:53:00
U_82_day0_h10,U_82,0,10,0,0,2025-01-01 10:36:00,0,-1,
U_83_day0_h9,U_83,0,9,0,0,2025-01-01 09:32:00,0,-1,
U_84_day0_h20,U_84,0,20,0,0,2025-01-01 20:42:00,0,-1,
U_85_day0_h11,U_85,0,11,0,0,2025-01-01 11:16:00,0,-1,
U_86_day0_h17,U_86,0,17,0,0,2025-01-01 17:17:00,0,-1,
U_87_day0_h9,U_87,0,9,0,0,2025-01-01 09:58:00,0,-1,
U_88_day0_h16,U_88,0,16,0,0,2025-01-01 16:15:00,1,49,2025-01-01 17:04:00
U_89_day0_h22,U_89,0,22,0,0,2025-01-01 22:26:00,1,104,2025-01-02 00:10:00
U_90_day0_h10,U_90,0,10,0,0,2025-01-01 10:39:00,1,9,2025-01-01 10:48:00
U_91_day0_h22,U_91,0,22,0,0,2025-01-01 22:56:00,0,-1,
U_92_day0_h13,U_92,0,13,0,0,2025-01-01 13:09:00,1,2,2025-01-01 13:11:00
U_93_day0_h0,U_93,0,0,0,0,2025-01-01 00:01:00,0,-1,
U_94_day0_h15,U_94,0,15,0,0,2025-01-01 15:47:00,0,-1,
U_95_day0_h9,U_95,0,9,0,0,2025-01-01 09:25:00,0,-1,
U_96_day0_h14,U_96,0,14,0,0,2025-01-01 14:58:00,0,-1,
U_97_day0_h10,U_97,0,10,0,0,2025-01-01 10:18:00,0,-1,
U_98_day0_h20,U_98,0,20,0,0,2025-01-01 20:42:00,0,-1,
U_99_day0_h16,U_99,0,16,0,0,2025-01-01 16:59:00,0,-1,
U_100_day0_h21,U_100,0,21,0,0,2025-01-01 21:24:00,0,-1,
U_1_day1_h11,U_1,1,11,1,0,2025-01-02 11:07:00,0,-1,
U_2_day1_h14,U_2,1,14,1,0,2025-01-02 14:24:00,0,-1,
U_3_day1_h7,U_3,1,7,1,0,2025-01-02 07:38:00,1,33,2025-01-02 08:11:00
U_4_day1_h12,U_4,1,12,1,0,2025-01-02 12:52:00,0,-1,
U_5_day1_h13,U_5,1,13,1,0,2025-01-02 13:58:00,1,2,2025-01-02 14:00:00
U_6_day1_h0,U_6,1,0,1,0,2025-01-02 00:32:00,0,-1,
U_7_day1_h11,U_7,1,11,1,0,2025-01-02 11:21:00,0,-1,
U_8_day1_h11,U_8,1,11,1,0,2025-01-02 11:44:00,0,-1,
U_9_day1_h12,U_9,1,12,1,0,2025-01-02 12:09:00,1,10,2025-01-02 12:19:00
U_10_day1_h12,U_10,1,12,1,0,2025-01-02 12:17:00,0,-1,
U_11_day1_h18,U_11,1,18,1,0,2025-01-02 18:23:00,1,20,2025-01-02 18:43:00
U_12_day1_h17,U_12,1,17,1,0,2025-01-02 17:15:00,1,6,2025-01-02 17:21:00
U_13_day1_h8,U_13,1,8,1,0,2025-01-02 08:48:00,0,-1,
U_14_day1_h18,U_14,1,18,1,0,2025-01-02 18:17:00,1,5,2025-01-02 18:22:00
U_15_day1_h8,U_15,1,8,1,0,2025-01-02 08:19:00,1,0,2025-01-02 08:19:00
U_16_day1_h8,U_16,1,8,1,0,2025-01-02 08:39:00,0,-1,
U_17_day1_h16,U_17,1,16,1,0,2025-01-02 16:09:00,0,-1,
U_18_day1_h19,U_18,1,19,1,0,2025-01-02 19:33:00,1,7,2025-01-02 19:40:00
U_19_day1_h15,U_19,1,15,1,0,2025-01-02 15:22:00,0,-1,
U_20_day1_h21,U_20,1,21,1,0,2025-01-02 21:52:00,1,407,2025-01-03 04:39:00
U_21_day1_h21,U_21,1,21,1,0,2025-01-02 21:25:00,0,-1,
U_22_day1_h12,U_22,1,12,1,0,2025-01-02 12:54:00,1,6,2025-01-02 13:00:00
U_23_day1_h10,U_23,1,10,1,0,2025-01-02 10:27:00,0,-1,
U_24_day1_h20,U_24,1,20,1,0,2025-01-02 20:49:00,1,6,2025-01-02 20:55:00
U_25_day1_h9,U_25,1,9,1,0,2025-01-02 09:57:00,1,3,2025-01-02 10:00:00
U_26_day1_h8,U_26,1,8,1,0,2025-01-02 08:30:00,0,-1,
U_27_day1_h14,U_27,1,14,1,0,2025-01-02 14:20:00,0,-1,
U_28_day1_h17,U_28,1,17,1,0,2025-01-02 17:30:00,1,72,2025-01-02 18:42:00
U_29_day1_h12,U_29,1,12,1,0,2025-01-02 12:03:00,0,-1,
U_30_day1_h15,U_30,1,15,1,0,2025-01-02 15:54:00,0,-1,
U_31_day1_h14,U_31,1,14,1,0,2025-01-02 14:38:00,0,-1,
U_32_day1_h17,U_32,1,17,1,0,2025-01-02 17:39:00,0,-1,
U_33_day1_h15,U_33,1,15,1,0,2025-01-02 15:07:00,0,-1,
U_34_day1_h13,U_34,1,13,1,0,2025-01-02 13:55:00,0,-1,
U_35_day1_h12,U_35,1,12,1,0,2025-01-02 12:49:00,0,-1,
U_36_day1_h9,U_36,1,9,1,0,2025-01-02 09:06:00,1,3,2025-01-02 09:09:00
U_37_day1_h8,U_37,1,8,1,0,2025-01-02 08:21:00,1,2,2025-01-02 08:23:00
U_38_day1_h9,U_38,1,9,1,0,2025-01-02 09:42:00,0,-1,
U_39_day1_h10,U_39,1,10,1,0,2025-01-02 10:02:00,1,18,2025-01-02 10:20:00
U_40_day1_h18,U_40,1,18,1,0,2025-01-02 18:36:00,0,-1,
U_41_day1_h12,U_41,1,12,1,0,2025-01-02 12:07:00,0,-1,
U_42_day1_h8,U_42,1,8,1,0,2025-01-02 08:54:00,0,-1,
U_43_day1_h5,U_43,1,5,1,0,2025-01-02 05:10:00,0,-1,
U_44_day1_h13,U_44,1,13,1,0,2025-01-02 13:47:00,0,-1,
U_45_day1_h15,U_45,1,15,1,0,2025-01-02 15:36:00,1,7,2025-01-02 15:43:00
U_46_day1_h12,U_46,1,12,1,0,2025-01-02 12:02:00,0,-1,
U_47_day1_h12,U_47,1,12,1,0,2025-01-02 12:03:00,1,1,2025-01-02 12:04:00
U_48_day1_h20,U_48,1,20,1,0,2025-01-02 20:18:00,0,-1,
U_49_day1_h13,U_49,1,13,1,0,2025-01-02 13:57:00,0,-1,
U_50_day1_h6,U_50,1,6,1,0,2025-01-02 06:38:00,0,-1,
U_51_day1_h8,U_51,1,8,1,0,2025-01-02 08:27:00,0,-1,
U_52_day1_h17,U_52,1,17,1,0,2025-01-02 17:51:00,1,1,2025-01-02 17:52:00
U_53_day1_h20,U_53,1,20,1,0,2025-01-02 20:29:00,0,-1,
U_54_day1_h5,U_54,1,5,1,0,2025-01-02 05:48:00,0,-1,
U_55_day1_h21,U_55,1,21,1,0,2025-01-02 21:24:00,0,-1,
U_56_day1_h17,U_56,1,17,1,0,2025-01-02 17:16:00,0,-1,
U_57_day1_h20,U_57,1,20,1,0,2025-01-02 20:05:00,0,-1,
U_58_day1_h18,U_58,1,18,1,0,2025-01-02 18:50:00,1,11,2025-01-02 19:01:00
U_59_day1_h8,U_59,1,8,1,0,2025-01-02 08:53:00,0,-1,
U_60_day1_h17,U_60,1,17,1,0,2025-01-02 17:53:00,0,-1,
U_61_day1_h11,U_61,1,11,1,0,2025-01-02 11:38:00,0,-1,
U_62_day1_h15,U_62,1,15,1,0,2025-01-02 15:47:00,1,0,2025-01-02 15:47:00
U_63_day1_h19,U_63,1,19,1,0,2025-01-02 19:45:00,0,-1,
U_64_day1_h20,U_64,1,20,1,0,2025-01-02 20:24:00,1,0,2025-01-02 20:24:00
U_65_day1_h9,U_65,1,9,1,0,2025-01-02 09:24:00,0,-1,
U_66_day1_h12,U_66,1,12,1,0,2025-01-02 12:00:00,0,-1,
U_67_day1_h20,U_67,1,20,1,0,2025-01-02 20:59:00,0,-1,
U_68_day1_h18,U_68,1,18,1,0,2025-01-02 18:05:00,0,-1,
U_69_day1_h21,U_69,1,21,1,0,2025-01-02 21:43:00,0,-1,
U_70_day1_h8,U_70,1,8,1,0,2025-01-02 08:00:00,0,-1,
U_71_day1_h10,U_71,1,10,1,0,2025-01-02 10:13:00,1,7,2025-01-02 10:20:00
U_72_day1_h21,U_72,1,21,1,0,2025-01-02 21:35:00,0,-1,
U_73_day1_h17,U_73,1,17,1,0,2025-01-02 17:50:00,1,6,2025-01-02 17:56:00
U_74_day1_h12,U_74,1,12,1,0,2025-01-02 12:01:00,0,-1,
U_75_day1_h18,U_75,1,18,1,0,2025-01-02 18:26:00,0,-1,
U_76_day1_h10,U_76,1,10,1,0,2025-01-02 10:41:00,0,-1,
U_77_day1_h19,U_77,1,19,1,0,2025-01-02 19:00:00,0,-1,
U_78_day1_h15,U_78,1,15,1,0,2025-01-02 15:18:00,0,-1,
U_79_day1_h16,U_79,1,16,1,0,2025-01-02 16:31:00,0,-1,
U_80_day1_h18,U_80,1,18,1,0,2025-01-02 18:17:00,1,1,2025-01-02 18:18:00
U_81_day1_h19,U_81,1,19,1,0,2025-01-02 19:49:00,0,-1,
U_82_day1_h21,U_82,1,21,1,0,2025-01-02 21:00:00,0,-1,
U_83_day1_h13,U_83,1,13,1,0,2025-01-02 13:50:00,0,-1,
U_84_day1_h9,U_84,1,9,1,0,2025-01-02 09:53:00,0,-1,
U_85_day1_h13,U_85,1,13,1,0,2025-01-02 13:50:00,1,3,2025-01-02 13:53:00
U_86_day1_h10,U_86,1,10,1,0,2025-01-02 10:03:00,0,-1,
U_87_day1_h6,U_87,1,6,1,0,2025-01-02 06:15:00,0,-1,
U_88_day1_h17,U_88,1,17,1,0,2025-01-02 17:47:00,1,28,2025-01-02 18:15:00
U_89_day1_h23,U_89,1,23,1,0,2025-01-02 23:22:00,0,-1,
U_90_day1_h17,U_90,1,17,1,0,2025-01-02 17:00:00,0,-1,
U_91_day1_h11,U_91,1,11,1,0,2025-01-02 11:24:00,0,-1,
U_92_day1_h18,U_92,1,18,1,0,2025-01-02 18:07:00,0,-1,
U_93_day1_h15,U_93,1,15,1,0,2025-01-02 15:23:00,1,23,2025-01-02 15:46:00
U_94_day1_h18,U_94,1,18,1,0,2025-01-02 18:13:00,0,-1,
U_95_day1_h9,U_95,1,9,1,0,2025-01-02 09:18:00,0,-1,
U_96_day1_h16,U_96,1,16,1,0,2025-01-02 16:50:00,0,-1,
U_97_day1_h21,U_97,1,21,1,0,2025-01-02 21:15:00,0,-1,
U_98_day1_h15,U_98,1,15,1,0,2025-01-02 15:27:00,1,6,2025-01-02 15:33:00
U_99_day1_h18,U_99,1,18,1,0,2025-01-02 18:34:00,0,-1,
U_100_day1_h1,U_100,1,1,1,0,2025-01-02 01:34:00,0,-1,
U_1_day2_h18,U_1,2,18,2,0,2025-01-03 18:02:00,1,5,2025-01-03 18:07:00
U_2_day2_h18,U_2,2,18,2,0,2025-01-03 18:04:00,0,-1,
U_3_day2_h16,U_3,2,16,2,0,2025-01-03 16:16:00,0,-1,
U_4_day2_h20,U_4,2,20,2,0,2025-01-03 20:55:00,1,52,2025-01-03 21:47:00
U_5_day2_h11,U_5,2,11,2,0,2025-01-03 11:36:00,0,-1,
U_6_day2_h10,U_6,2,10,2,0,2025-01-03 10:44:00,0,-1,
U_7_day2_h9,U_7,2,9,2,0,2025-01-03 09:54:00,1,7,2025-01-03 10:01:00
U_8_day2_h15,U_8,2,15,2,0,2025-01-03 15:41:00,0,-1,
U_9_day2_h20,U_9,2,20,2,0,2025-01-03 20:13:00,0,-1,
U_10_day2_h20,U_10,2,20,2,0,2025-01-03 20:41:00,1,6,2025-01-03 20:47:00
U_11_day2_h21,U_11,2,21,2,0,2025-01-03 21:26:00,1,33,2025-01-03 21:59:00
U_12_day2_h10,U_12,2,10,2,0,2025-01-03 10:22:00,1,23,2025-01-03 10:45:00
U_13_day2_h20,U_13,2,20,2,0,2025-01-03 20:52:00,0,-1,
U_14_day2_h2,U_14,2,2,2,0,2025-01-03 02:09:00,0,-1,
U_15_day2_h10,U_15,2,10,2,0,2025-01-03 10:18:00,1,1,2025-01-03 10:19:00
U_16_day2_h13,U_16,2,13,2,0,2025-01-03 13:22:00,0,-1,
U_17_day2_h14,U_17,2,14,2,0,2025-01-03 14:02:00,0,-1,
U_18_day2_h13,U_18,2,13,2,0,2025-01-03 13:27:00,0,-1,
U_19_day2_h19,U_19,2,19,2,0,2025-01-03 19:16:00,1,3,2025-01-03 19:19:00
U_20_day2_h10,U_20,2,10,2,0,2025-01-03 10:22:00,0,-1,
U_21_day2_h16,U_21,2,16,2,0,2025-01-03 16:47:00,1,0,2025-01-03 16:47:00
U_22_day2_h21,U_22,2,21,2,0,2025-01-03 21:43:00,0,-1,
U_23_day2_h6,U_23,2,6,2,0,2025-01-03 06:00:00,0,-1,
U_24_day2_h0,U_24,2,0,2,0,2025-01-03 00:50:00,0,-1,
U_25_day2_h23,U_25,2,23,2,0,2025-01-03 23:37:00,0,-1,
U_26_day2_h23,U_26,2,23,2,0,2025-01-03 23:10:00,0,-1,
U_27_day2_h9,U_27,2,9,2,0,2025-01-03 09:12:00,0,-1,
U_28_day2_h6,U_28,2,6,2,0,2025-01-03 06:50:00,0,-1,
U_29_day2_h21,U_29,2,21,2,0,2025-01-03 21:50:00,0,-1,
U_30_day2_h12,U_30,2,12,2,0,2025-01-03 12:03:00,0,-1,
U_31_day2_h12,U_31,2,12,2,0,2025-01-03 12:51:00,0,-1,
U_32_day2_h7,U_32,2,7,2,0,2025-01-03 07:26:00,1,10,2025-01-03 07:36:00
U_33_day2_h6,U_33,2,6,2,0,2025-01-03 06:30:00,0,-1,
U_34_day2_h6,U_34,2,6,2,0,2025-01-03 06:54:00,0,-1,
U_35_day2_h21,U_35,2,21,2,0,2025-01-03 21:53:00,1,12,2025-01-03 22:05:00
U_36_day2_h21,U_36,2,21,2,0,2025-01-03 21:44:00,0,-1,
U_37_day2_h9,U_37,2,9,2,0,2025-01-03 09:23:00,0,-1,
U_38_day2_h18,U_38,2,18,2,0,2025-01-03 18:21:00,0,-1,
U_39_day2_h18,U_39,2,18,2,0,2025-01-03 18:36:00,0,-1,
U_40_day2_h7,U_40,2,7,2,0,2025-01-03 07:38:00,1,9,2025-01-03 07:47:00
U_41_day2_h14,U_41,2,14,2,0,2025-01-03 14:12:00,1,21,2025-01-03 14:33:00
U_42_day2_h20,U_42,2,20,2,0,2025-01-03 20:01:00,0,-1,
U_43_day2_h6,U_43,2,6,2,0,2025-01-03 06:01:00,0,-1,
U_44_day2_h9,U_44,2,9,2,0,2025-01-03 09:25:00,0,-1,
U_45_day2_h22,U_45,2,22,2,0,2025-01-03 22:10:00,0,-1,
U_46_day2_h10,U_46,2,10,2,0,2025-01-03 10:33:00,0,-1,
U_47_day2_h8,U_47,2,8,2,0,2025-01-03 08:09:00,0,-1,
U_48_day2_h22,U_48,2,22,2,0,2025-01-03 22:27:00,0,-1,
U_49_day2_h14,U_49,2,14,2,0,2025-01-03 14:37:00,0,-1,
U_50_day2_h13,U_50,2,13,2,0,2025-01-03 13:33:00,0,-1,
U_51_day2_h18,U_51,2,18,2,0,2025-01-03 18:52:00,1,6,2025-01-03 18:58:00
U_52_day2_h13,U_52,2,13,2,0,2025-01-03 13:20:00,0,-1,
U_53_day2_h19,U_53,2,19,2,0,2025-01-03 19:15:00,0,-1,
U_54_day2_h18,U_54,2,18,2,0,2025-01-03 18:17:00,0,-1,
U_55_day2_h8,U_55,2,8,2,0,2025-01-03 08:35:00,1,23,2025-01-03 08:58:00
U_56_day2_h19,U_56,2,19,2,0,2025-01-03 19:50:00,1,10,2025-01-03 20:00:00
U_57_day2_h20,U_57,2,20,2,0,2025-01-03 20:40:00,0,-1,
U_58_day2_h18,U_58,2,18,2,0,2025-01-03 18:44:00,1,4,2025-01-03 18:48:00
U_59_day2_h8,U_59,2,8,2,0,2025-01-03 08:55:00,0,-1,
U_60_day2_h21,U_60,2,21,2,0,2025-01-03 21:39:00,0,-1,
U_61_day2_h11,U_61,2,11,2,0,2025-01-03 11:27:00,0,-1,
U_62_day2_h17,U_62,2,17,2,0,2025-01-03 17:41:00,0,-1,
U_63_day2_h12,U_63,2,12,2,0,2025-01-03 12:02:00,0,-1,
U_64_day2_h6,U_64,2,6,2,0,2025-01-03 06:10:00,0,-1,
U_65_day2_h13,U_65,2,13,2,0,2025-01-03 13:42:00,0,-1,
U_66_day2_h20,U_66,2,20,2,0,2025-01-03 20:46:00,1,10,2025-01-03 20:56:00
U_67_day2_h13,U_67,2,13,2,0,2025-01-03 13:34:00,0,-1,
U_68_day2_h18,U_68,2,18,2,0,2025-01-03 18:29:00,0,-1,
U_69_day2_h20,U_69,2,20,2,0,2025-01-03 20:54:00,0,-1,
U_70_day2_h8,U_70,2,8,2,0,2025-01-03 08:22:00,0,-1,
U_71_day2_h20,U_71,2,20,2,0,2025-01-03 20:22:00,0,-1,
U_72_day2_h13,U_72,2,13,2,0,2025-01-03 13:43:00,0,-1,
U_73_day2_h22,U_73,2,22,2,0,2025-01-03 22:30:00,0,-1,
U_74_day2_h9,U_74,2,9,2,0,2025-01-03 09:06:00,1,18,2025-01-03 09:24:00
U_75_day2_h16,U_75,2,16,2,0,2025-01-03 16:52:00,0,-1,
U_76_day2_h16,U_76,2,16,2,0,2025-01-03 16:14:00,0,-1,
U_77_day2_h19,U_77,2,19,2,0,2025-01-03 19:54:00,0,-1,
U_78_day2_h15,U_78,2,15,2,0,2025-01-03 15:04:00,1,2,2025-01-03 15:06:00
U_79_day2_h9,U_79,2,9,2,0,2025-01-03 09:52:00,0,-1,
U_80_day2_h17,U_80,2,17,2,0,2025-01-03 17:43:00,1,3,2025-01-03 17:46:00
U_81_day2_h9,U_81,2,9,2,0,2025-01-03 09:59:00,0,-1,
U_82_day2_h19,U_82,2,19,2,0,2025-01-03 19:17:00,1,12,2025-01-03 19:29:00
U_83_day2_h14,U_83,2,14,2,0,2025-01-03 14:00:00,0,-1,
U_84_day2_h20,U_84,2,20,2,0,2025-01-03 20:40:00,0,-1,
U_85_day2_h18,U_85,2,18,2,0,2025-01-03 18:05:00,0,-1,
U_86_day2_h18,U_86,2,18,2,0,2025-01-03 18:36:00,0,-1,
U_87_day2_h9,U_87,2,9,2,0,2025-01-03 09:23:00,0,-1,
U_88_day2_h1,U_88,2,1,2,0,2025-01-03 01:48:00,0,-1,
U_89_day2_h13,U_89,2,13,2,0,2025-01-03 13:27:00,0,-1,
U_90_day2_h5,U_90,2,5,2,0,2025-01-03 05:19:00,0,-1,
U_91_day2_h18,U_91,2,18,2,0,2025-01-03 18:51:00,0,-1,
U_92_day2_h12,U_92,2,12,2,0,2025-01-03 12:10:00,0,-1,
U_93_day2_h10,U_93,2,10,2,0,2025-01-03 10:42:00,0,-1,
U_94_day2_h6,U_94,2,6,2,0,2025-01-03 06:53:00,1,13,2025-01-03 07:06:00
U_95_day2_h10,U_95,2,10,2,0,2025-01-03 10:20:00,0,-1,
U_96_day2_h11,U_96,2,11,2,0,2025-01-03 11:52:00,0,-1,
U_97_day2_h22,U_97,2,22,2,0,2025-01-03 22:39:00,0,-1,
U_98_day2_h8,U_98,2,8,2,0,2025-01-03 08:36:00,0,-1,
U_99_day2_h8,U_99,2,8,2,0,2025-01-03 08:26:00,0,-1,
U_100_day2_h9,U_100,2,9,2,0,2025-01-03 09:37:00,1,0,2025-01-03 09:37:00
U_1_day3_h20,U_1,3,20,3,0,2025-01-04 20:42:00,1,88,2025-01-04 22:10:00
U_2_day3_h11,U_2,3,11,3,0,2025-01-04 11:49:00,0,-1,
U_3_day3_h21,U_3,3,21,3,0,2025-01-04 21:42:00,0,-1,
U_4_day3_h18,U_4,3,18,3,0,2025-01-04 18:36:00,0,-1,
U_5_day3_h7,U_5,3,7,3,0,2025-01-04 07:51:00,0,-1,
U_6_day3_h8,U_6,3,8,3,0,2025-01-04 08:11:00,0,-1,
U_7_day3_h18,U_7,3,18,3,0,2025-01-04 18:22:00,1,3,2025-01-04 18:25:00
U_8_day3_h19,U_8,3,19,3,0,2025-01-04 19:50:00,0,-1,
U_9_day3_h20,U_9,3,20,3,0,2025-01-04 20:18:00,0,-1,
U_10_day3_h10,U_10,3,10,3,0,2025-01-04 10:58:00,0,-1,
U_11_day3_h16,U_11,3,16,3,0,2025-01-04 16:15:00,0,-1,
U_12_day3_h21,U_12,3,21,3,0,2025-01-04 21:10:00,0,-1,
U_13_day3_h11,U_13,3,11,3,0,2025-01-04 11:05:00,1,1,2025-01-04 11:06:00
U_14_day3_h12,U_14,3,12,3,0,2025-01-04 12:30:00,0,-1,
U_15_day3_h22,U_15,3,22,3,0,2025-01-04 22:13:00,0,-1,
U_16_day3_h2,U_16,3,2,3,0,2025-01-04 02:14:00,0,-1,
U_17_day3_h11,U_17,3,11,3,0,2025-01-04 11:11:00,0,-1,
U_18_day3_h19,U_18,3,19,3,0,2025-01-04 19:53:00,1,11,2025-01-04 20:04:00
U_19_day3_h19,U_19,3,19,3,0,2025-01-04 19:04:00,1,10,2025-01-04 19:14:00
U_20_day3_h17,U_20,3,17,3,0,2025-01-04 17:36:00,1,0,2025-01-04 17:36:00
U_21_day3_h12,U_21,3,12,3,0,2025-01-04 12:05:00,0,-1,
U_22_day3_h10,U_22,3,10,3,0,2025-01-04 10:44:00,1,6,2025-01-04 10:50:00
U_23_day3_h10,U_23,3,10,3,0,2025-01-04 10:04:00,0,-1,
U_24_day3_h22,U_24,3,22,3,0,2025-01-04 22:11:00,1,0,2025-01-04 22:11:00
U_25_day3_h3,U_25,3,3,3,0,2025-01-04 03:48:00,0,-1,
U_26_day3_h15,U_26,3,15,3,0,2025-01-04 15:55:00,1,10,2025-01-04 16:05:00
U_27_day3_h16,U_27,3,16,3,0,2025-01-04 16:03:00,0,-1,
U_28_day3_h15,U_28,3,15,3,0,2025-01-04 15:24:00,0,-1,
U_29_day3_h10,U_29,3,10,3,0,2025-01-04 10:56:00,1,1,2025-01-04 10:57:00
U_30_day3_h11,U_30,3,11,3,0,2025-01-04 11:32:00,0,-1,
U_31_day3_h22,U_31,3,22,3,0,2025-01-04 22:10:00,0,-1,
U_32_day3_h12,U_32,3,12,3,0,2025-01-04 12:08:00,0,-1,
U_33_day3_h22,U_33,3,22,3,0,2025-01-04 22:55:00,0,-1,
U_34_day3_h13,U_34,3,13,3,0,2025-01-04 13:08:00,0,-1,
U_35_day3_h18,U_35,3,18,3,0,2025-01-04 18:10:00,0,-1,
U_36_day3_h20,U_36,3,20,3,0,2025-01-04 20:03:00,0,-1,
U_37_day3_h15,U_37,3,15,3,0,2025-01-04 15:15:00,1,6,2025-01-04 15:21:00
U_38_day3_h21,U_38,3,21,3,0,2025-01-04 21:47:00,0,-1,
U_39_day3_h9,U_39,3,9,3,0,2025-01-04 09:13:00,0,-1,
U_40_day3_h13,U_40,3,13,3,0,2025-01-04 13:12:00,0,-1,
U_41_day3_h12,U_41,3,12,3,0,2025-01-04 12:48:00,0,-1,
U_42_day3_h19,U_42,3,19,3,0,2025-01-04 19:17:00,0,-1,
U_43_day3_h11,U_43,3,11,3,0,2025-01-04 11:43:00,0,-1,
U_44_day3_h15,U_44,3,15,3,0,2025-01-04 15:06:00,0,-1,
U_45_day3_h0,U_45,3,0,3,0,2025-01-04 00:54:00,0,-1,
U_46_day3_h19,U_46,3,19,3,0,2025-01-04 19:03:00,0,-1,
U_47_day3_h15,U_47,3,15,3,0,2025-01-04 15:50:00,1,7,2025-01-04 15:57:00
U_48_day3_h10,U_48,3,10,3,0,2025-01-04 10:32:00,0,-1,
U_49_day3_h10,U_49,3,10,3,0,2025-01-04 10:50:00,0,-1,
U_50_day3_h20,U_50,3,20,3,0,2025-01-04 20:27:00,0,-1,
U_51_day3_h19,U_51,3,19,3,0,2025-01-04 19:39:00,1,63,2025-01-04 20:42:00
U_52_day3_h22,U_52,3,22,3,0,2025-01-04 22:14:00,1,2,2025-01-04 22:16:00
U_53_day3_h19,U_53,3,19,3,0,2025-01-04 19:09:00,0,-1,
U_54_day3_h11,U_54,3,11,3,0,2025-01-04 11:18:00,0,-1,
U_55_day3_h15,U_55,3,15,3,0,2025-01-04 15:36:00,0,-1,
U_56_day3_h17,U_56,3,17,3,0,2025-01-04 17:01:00,0,-1,
U_57_day3_h11,U_57,3,11,3,0,2025-01-04 11:36:00,0,-1,
U_58_day3_h22,U_58,3,22,3,0,2025-01-04 22:03:00,0,-1,
U_59_day3_h17,U_59,3,17,3,0,2025-01-04 17:49:00,0,-1,
U_60_day3_h20,U_60,3,20,3,0,2025-01-04 20:42:00,0,-1,
U_61_day3_h19,U_61,3,19,3,0,2025-01-04 19:27:00,1,2,2025-01-04 19:29:00
U_62_day3_h13,U_62,3,13,3,0,2025-01-04 13:27:00,0,-1,
U_63_day3_h19,U_63,3,19,3,0,2025-01-04 19:36:00,1,4,2025-01-04 19:40:00
U_64_day3_h9,U_64,3,9,3,0,2025-01-04 09:36:00,0,-1,
U_65_day3_h10,U_65,3,10,3,0,2025-01-04 10:17:00,0,-1,
U_66_day3_h21,U_66,3,21,3,0,2025-01-04 21:23:00,0,-1,
U_67_day3_h17,U_67,3,17,3,0,2025-01-04 17:40:00,0,-1,
U_68_day3_h8,U_68,3,8,3,0,2025-01-04 08:46:00,0,-1,
U_69_day3_h1,U_69,3,1,3,0,2025-01-04 01:40:00,0,-1,
U_70_day3_h20,U_70,3,20,3,0,2025-01-04 20:29:00,1,10,2025-01-04 20:39:00
U_71_day3_h11,U_71,3,11,3,0,2025-01-04 11:05:00,1,29,2025-01-04 11:34:00
U_72_day3_h12,U_72,3,12,3,0,2025-01-04 12:44:00,0,-1,
U_73_day3_h10,U_73,3,10,3,0,2025-01-04 10:46:00,1,38,2025-01-04 11:24:00
U_74_day3_h14,U_74,3,14,3,0,2025-01-04 14:24:00,0,-1,
U_75_day3_h23,U_75,3,23,3,0,2025-01-04 23:34:00,0,-1,
U_76_day3_h15,U_76,3,15,3,0,2025-01-04 15:25:00,0,-1,
U_77_day3_h10,U_77,3,10,3,0,2025-01-04 10:05:00,0,-1,
U_78_day3_h9,U_78,3,9,3,0,2025-01-04 09:22:00,1,2,2025-01-04 09:24:00
U_79_day3_h13,U_79,3,13,3,0,2025-01-04 13:46:00,0,-1,
U_80_day3_h18,U_80,3,18,3,0,2025-01-04 18:52:00,1,0,2025-01-04 18:52:00
U_81_day3_h12,U_81,3,12,3,0,2025-01-04 12:20:00,0,-1,
U_82_day3_h17,U_82,3,17,3,0,2025-01-04 17:30:00,1,30,2025-01-04 18:00:00
U_83_day3_h16,U_83,3,16,3,0,2025-01-04 16:34:00,1,3,2025-01-04 16:37:00
U_84_day3_h11,U_84,3,11,3,0,2025-01-04 11:14:00,1,1,2025-01-04 11:15:00
U_85_day3_h8,U_85,3,8,3,0,2025-01-04 08:32:00,0,-1,
U_86_day3_h21,U_86,3,21,3,0,2025-01-04 21:58:00,0,-1,
U_87_day3_h15,U_87,3,15,3,0,2025-01-04 15:02:00,0,-1,
U_88_day3_h20,U_88,3,20,3,0,2025-01-04 20:03:00,1,2,2025-01-04 20:05:00
U_89_day3_h23,U_89,3,23,3,0,2025-01-04 23:15:00,1,20,2025-01-04 23:35:00
U_90_day3_h9,U_90,3,9,3,0,2025-01-04 09:26:00,0,-1,
U_91_day3_h9,U_91,3,9,3,0,2025-01-04 09:48:00,1,5,2025-01-04 09:53:00
U_92_day3_h10,U_92,3,10,3,0,2025-01-04 10:31:00,0,-1,
U_93_day3_h9,U_93,3,9,3,0,2025-01-04 09:41:00,0,-1,
U_94_day3_h10,U_94,3,10,3,0,2025-01-04 10:14:00,1,28,2025-01-04 10:42:00
U_95_day3_h17,U_95,3,17,3,0,2025-01-04 17:56:00,0,-1,
U_96_day3_h17,U_96,3,17,3,0,2025-01-04 17:13:00,0,-1,
U_97_day3_h20,U_97,3,20,3,0,2025-01-04 20:49:00,0,-1,
U_98_day3_h14,U_98,3,14,3,0,2025-01-04 14:30:00,1,9,2025-01-04 14:39:00
U_99_day3_h8,U_99,3,8,3,0,2025-01-04 08:41:00,1,12,2025-01-04 08:53:00
U_100_day3_h13,U_100,3,13,3,0,2025-01-04 13:16:00,0,-1,
U_1_day4_h21,U_1,4,21,4,0,2025-01-05 21:53:00,0,-1,
U_2_day4_h18,U_2,4,18,4,0,2025-01-05 18:18:00,0,-1,
U_3_day4_h14,U_3,4,14,4,0,2025-01-05 14:24:00,0,-1,
U_4_day4_h9,U_4,4,9,4,0,2025-01-05 09:35:00,0,-1,
U_5_day4_h14,U_5,4,14,4,0,2025-01-05 14:05:00,0,-1,
U_6_day4_h9,U_6,4,9,4,0,2025-01-05 09:43:00,0,-1,
U_7_day4_h20,U_7,4,20,4,0,2025-01-05 20:45:00,1,29,2025-01-05 21:14:00
U_8_day4_h21,U_8,4,21,4,0,2025-01-05 21:31:00,1,3,2025-01-05 21:34:00
U_9_day4_h5,U_9,4,5,4,0,2025-01-05 05:11:00,0,-1,
U_10_day4_h18,U_10,4,18,4,0,2025-01-05 18:03:00,0,-1,
U_11_day4_h19,U_11,4,19,4,0,2025-01-05 19:50:00,1,6,2025-01-05 19:56:00
U_12_day4_h23,U_12,4,23,4,0,2025-01-05 23:45:00,0,-1,
U_13_day4_h17,U_13,4,17,4,0,2025-01-05 17:55:00,1,11,2025-01-05 18:06:00
U_14_day4_h11,U_14,4,11,4,0,2025-01-05 11:55:00,0,-1,
U_15_day4_h17,U_15,4,17,4,0,2025-01-05 17:37:00,1,93,2025-01-05 19:10:00
U_16_day4_h13,U_16,4,13,4,0,2025-01-05 13:38:00,0,-1,
U_17_day4_h20,U_17,4,20,4,0,2025-01-05 20:41:00,1,5,2025-01-05 20:46:00
U_18_day4_h13,U_18,4,13,4,0,2025-01-05 13:34:00,0,-1,
U_19_day4_h4,U_19,4,4,4,0,2025-01-05 04:36:00,0,-1,
U_20_day4_h21,U_20,4,21,4,0,2025-01-05 21:40:00,0,-1,
U_21_day4_h11,U_21,4,11,4,0,2025-01-05 11:03:00,0,-1,
U_22_day4_h12,U_22,4,12,4,0,2025-01-05 12:30:00,1,3,2025-01-05 12:33:00
U_23_day4_h13,U_23,4,13,4,0,2025-01-05 13:55:00,0,-1,
U_24_day4_h22,U_24,4,22,4,0,2025-01-05 22:56:00,0,-1,
U_25_day4_h18,U_25,4,18,4,0,2025-01-05 18:36:00,1,0,2025-01-05 18:36:00
U_26_day4_h13,U_26,4,13,4,0,2025-01-05 13:58:00,0,-1,
U_27_day4_h12,U_27,4,12,4,0,2025-01-05 12:14:00,0,-1,
U_28_day4_h18,U_28,4,18,4,0,2025-01-05 18:51:00,1,5,2025-01-05 18:56:00
U_29_day4_h14,U_29,4,14,4,0,2025-01-05 14:50:00,0,-1,
U_30_day4_h9,U_30,4,9,4,0,2025-01-05 09:00:00,0,-1,
U_31_day4_h13,U_31,4,13,4,0,2025-01-05 13:46:00,0,-1,
U_32_day4_h23,U_32,4,23,4,0,2025-01-05 23:56:00,0,-1,
U_33_day4_h16,U_33,4,16,4,0,2025-01-05 16:33:00,0,-1,
U_34_day4_h15,U_34,4,15,4,0,2025-01-05 15:00:00,0,-1,
U_35_day4_h8,U_35,4,8,4,0,2025-01-05 08:46:00,0,-1,
U_36_day4_h7,U_36,4,7,4,0,2025-01-05 07:07:00,0,-1,
U_37_day4_h21,U_37,4,21,4,0,2025-01-05 21:25:00,0,-1,
U_38_day4_h21,U_38,4,21,4,0,2025-01-05 21:00:00,0,-1,
U_39_day4_h8,U_39,4,8,4,0,2025-01-05 08:53:00,0,-1,
U_40_day4_h4,U_40,4,4,4,0,2025-01-05 04:53:00,0,-1,
U_41_day4_h10,U_41,4,10,4,0,2025-01-05 10:34:00,0,-1,
U_42_day4_h9,U_42,4,9,4,0,2025-01-05 09:12:00,1,3,2025-01-05 09:15:00
U_43_day4_h12,U_43,4,12,4,0,2025-01-05 12:27:00,0,-1,
U_44_day4_h8,U_44,4,8,4,0,2025-01-05 08:01:00,1,37,2025-01-05 08:38:00
U_45_day4_h16,U_45,4,16,4,0,2025-01-05 16:46:00,0,-1,
U_46_day4_h23,U_46,4,23,4,0,2025-01-05 23:08:00,0,-1,
U_47_day4_h15,U_47,4,15,4,0,2025-01-05 15:24:00,1,0,2025-01-05 15:24:00
U_48_day4_h19,U_48,4,19,4,0,2025-01-05 19:01:00,0,-1,
U_49_day4_h8,U_49,4,8,4,0,2025-01-05 08:49:00,0,-1,
U_50_day4_h23,U_50,4,23,4,0,2025-01-05 23:06:00,1,6,2025-01-05 23:12:00
U_51_day4_h17,U_51,4,17,4,0,2025-01-05 17:59:00,1,1,2025-01-05 18:00:00
U_52_day4_h19,U_52,4,19,4,0,2025-01-05 19:39:00,1,2,2025-01-05 19:41:00
U_53_day4_h20,U_53,4,20,4,0,2025-01-05 20:50:00,0,-1,
U_54_day4_h13,U_54,4,13,4,0,2025-01-05 13:40:00,0,-1,
U_55_day4_h10,U_55,4,10,4,0,2025-01-05 10:47:00,1,13,2025-01-05 11:00:00
U_56_day4_h15,U_56,4,15,4,0,2025-01-05 15:36:00,0,-1,
U_57_day4_h10,U_57,4,10,4,0,2025-01-05 10:15:00,0,-1,
U_58_day4_h15,U_58,4,15,4,0,2025-01-05 15:10:00,1,0,2025-01-05 15:10:00
U_59_day4_h8,U_59,4,8,4,0,2025-01-05 08:31:00,0,-1,
U_60_day4_h22,U_60,4,22,4,0,2025-01-05 22:03:00,0,-1,
U_61_day4_h12,U_61,4,12,4,0,2025-01-05 12:58:00,0,-1,
U_62_day4_h15,U_62,4,15,4,0,2025-01-05 15:19:00,0,-1,
U_63_day4_h22,U_63,4,22,4,0,2025-01-05 22:41:00,0,-1,
U_64_day4_h11,U_64,4,11,4,0,2025-01-05 11:24:00,0,-1,
U_65_day4_h8,U_65,4,8,4,0,2025-01-05 08:00:00,1,31,2025-01-05 08:31:00
U_66_day4_h10,U_66,4,10,4,0,2025-01-05 10:07:00,0,-1,
U_67_day4_h11,U_67,4,11,4,0,2025-01-05 11:08:00,0,-1,
U_68_day4_h11,U_68,4,11,4,0,2025-01-05 11:10:00,1,14,2025-01-05 11:24:00
U_69_day4_h8,U_69,4,8,4,0,2025-01-05 08:11:00,0,-1,
U_70_day4_h7,U_70,4,7,4,0,2025-01-05 07:11:00,0,-1,
U_71_day4_h16,U_71,4,16,4,0,2025-01-05 16:55:00,0,-1,
U_72_day4_h14,U_72,4,14,4,0,2025-01-05 14:28:00,0,-1,
U_73_day4_h8,U_73,4,8,4,0,2025-01-05 08:11:00,1,3,2025-01-05 08:14:00
U_74_day4_h15,U_74,4,15,4,0,2025-01-05 15:11:00,0,-1,
U_75_day4_h21,U_75,4,21,4,0,2025-01-05 21:00:00,0,-1,
U_76_day4_h23,U_76,4,23,4,0,2025-01-05 23:56:00,1,35,2025-01-06 00:31:00
U_77_day4_h10,U_77,4,10,4,0,2025-01-05 10:54:00,1,19,2025-01-05 11:13:00
U_78_day4_h22,U_78,4,22,4,0,2025-01-05 22:51:00,1,8,2025-01-05 22:59:00
U_79_day4_h6,U_79,4,6,4,0,2025-01-05 06:23:00,0,-1,
U_80_day4_h17,U_80,4,17,4,0,2025-01-05 17:18:00,0,-1,
U_81_day4_h19,U_81,4,19,4,0,2025-01-05 19:28:00,1,0,2025-01-05 19:28:00
U_82_day4_h9,U_82,4,9,4,0,2025-01-05 09:29:00,0,-1,
U_83_day4_h6,U_83,4,6,4,0,2025-01-05 06:17:00,0,-1,
U_84_day4_h19,U_84,4,19,4,0,2025-01-05 19:36:00,0,-1,
U_85_day4_h12,U_85,4,12,4,0,2025-01-05 12:02:00,0,-1,
U_86_day4_h20,U_86,4,20,4,0,2025-01-05 20:46:00,0,-1,
U_87_day4_h19,U_87,4,19,4,0,2025-01-05 19:46:00,0,-1,
U_88_day4_h22,U_88,4,22,4,0,2025-01-05 22:29:00,1,1,2025-01-05 22:30:00
U_89_day4_h16,U_89,4,16,4,0,2025-01-05 16:04:00,1,21,2025-01-05 16:25:00
U_90_day4_h12,U_90,4,12,4,0,2025-01-05 12:01:00,1,1,2025-01-05 12:02:00
U_91_day4_h18,U_91,4,18,4,0,2025-01-05 18:33:00,0,-1,
U_92_day4_h12,U_92,4,12,4,0,2025-01-05 12:15:00,0,-1,
U_93_day4_h11,U_93,4,11,4,0,2025-01-05 11:16:00,0,-1,
U_94_day4_h12,U_94,4,12,4,0,2025-01-05 12:43:00,0,-1,
U_95_day4_h0,U_95,4,0,4,0,2025-01-05 00:40:00,0,-1,
U_96_day4_h15,U_96,4,15,4,0,2025-01-05 15:30:00,0,-1,
U_97_day4_h14,U_97,4,14,4,0,2025-01-05 14:57:00,0,-1,
U_98_day4_h9,U_98,4,9,4,0,2025-01-05 09:31:00,0,-1,
U_99_day4_h15,U_99,4,15,4,0,2025-01-05 15:11:00,0,-1,
U_100_day4_h12,U_100,4,12,4,0,2025-01-05 12:53:00,0,-1,
U_1_day5_h7,U_1,5,7,5,1,2025-01-06 07:23:00,0,-1,
U_2_day5_h22,U_2,5,22,5,1,2025-01-06 22:10:00,0,-1,
U_3_day5_h18,U_3,5,18,5,1,2025-01-06 18:21:00,0,-1,
U_4_day5_h8,U_4,5,8,5,1,2025-01-06 08:19:00,0,-1,
U_5_day5_h21,U_5,5,21,5,1,2025-01-06 21:45:00,1,14,2025-01-06 21:59:00
U_6_day5_h16,U_6,5,16,5,1,2025-01-06 16:32:00,0,-1,
U_7_day5_h22,U_7,5,22,5,1,2025-01-06 22:02:00,1,20,2025-01-06 22:22:00
U_8_day5_h17,U_8,5,17,5,1,2025-01-06 17:39:00,1,26,2025-01-06 18:05:00
U_9_day5_h17,U_9,5,17,5,1,2025-01-06 17:51:00,0,-1,
U_10_day5_h18,U_10,5,18,5,1,2025-01-06 18:36:00,1,6,2025-01-06 18:42:00
U_11_day5_h12,U_11,5,12,5,1,2025-01-06 12:57:00,1,5,2025-01-06 13:02:00
U_12_day5_h12,U_12,5,12,5,1,2025-01-06 12:44:00,0,-1,
U_13_day5_h21,U_13,5,21,5,1,2025-01-06 21:12:00,0,-1,
U_14_day5_h20,U_14,5,20,5,1,2025-01-06 20:28:00,1,1,2025-01-06 20:29:00
U_15_day5_h10,U_15,5,10,5,1,2025-01-06 10:58:00,1,115,2025-01-06 12:53:00
U_16_day5_h11,U_16,5,11,5,1,2025-01-06 11:21:00,0,-1,
U_17_day5_h13,U_17,5,13,5,1,2025-01-06 13:09:00,0,-1,
U_18_day5_h21,U_18,5,21,5,1,2025-01-06 21:37:00,1,1,2025-01-06 21:38:00
U_19_day5_h20,U_19,5,20,5,1,2025-01-06 20:08:00,0,-1,
U_20_day5_h22,U_20,5,22,5,1,2025-01-06 22:00:00,1,4,2025-01-06 22:04:00
U_21_day5_h12,U_21,5,12,5,1,2025-01-06 12:05:00,0,-1,
U_22_day5_h18,U_22,5,18,5,1,2025-01-06 18:26:00,0,-1,
U_23_day5_h14,U_23,5,14,5,1,2025-01-06 14:45:00,0,-1,
U_24_day5_h23,U_24,5,23,5,1,2025-01-06 23:05:00,0,-1,
U_25_day5_h9,U_25,5,9,5,1,2025-01-06 09:15:00,0,-1,
U_26_day5_h14,U_26,5,14,5,1,2025-01-06 14:05:00,0,-1,
U_27_day5_h13,U_27,5,13,5,1,2025-01-06 13:27:00,0,-1,
U_28_day5_h11,U_28,5,11,5,1,2025-01-06 11:49:00,0,-1,
U_29_day5_h23,U_29,5,23,5,1,2025-01-06 23:46:00,0,-1,
U_30_day5_h20,U_30,5,20,5,1,2025-01-06 20:22:00,1,4,2025-01-06 20:26:00
U_31_day5_h13,U_31,5,13,5,1,2025-01-06 13:42:00,0,-1,
U_32_day5_h6,U_32,5,6,5,1,2025-01-06 06:29:00,0,-1,
U_33_day5_h16,U_33,5,16,5,1,2025-01-06 16:44:00,1,2,2025-01-06 16:46:00
U_34_day5_h18,U_34,5,18,5,1,2025-01-06 18:28:00,0,-1,
U_35_day5_h21,U_35,5,21,5,1,2025-01-06 21:45:00,1,1,2025-01-06 21:46:00
U_36_day5_h12,U_36,5,12,5,1,2025-01-06 12:25:00,0,-1,
U_37_day5_h7,U_37,5,7,5,1,2025-01-06 07:08:00,0,-1,
U_38_day5_h0,U_38,5,0,5,1,2025-01-06 00:08:00,0,-1,
U_39_day5_h12,U_39,5,12,5,1,2025-01-06 12:35:00,0,-1,
U_40_day5_h9,U_40,5,9,5,1,2025-01-06 09:33:00,0,-1,
U_41_day5_h17,U_41,5,17,5,1,2025-01-06 17:04:00,0,-1,
U_42_day5_h23,U_42,5,23,5,1,2025-01-06 23:22:00,0,-1,
U_43_day5_h8,U_43,5,8,5,1,2025-01-06 08:57:00,0,-1,
U_44_day5_h11,U_44,5,11,5,1,2025-01-06 11:09:00,0,-1,
U_45_day5_h21,U_45,5,21,5,1,2025-01-06 21:43:00,0,-1,
U_46_day5_h19,U_46,5,19,5,1,2025-01-06 19:00:00,1,7,2025-01-06 19:07:00
U_47_day5_h18,U_47,5,18,5,1,2025-01-06 18:40:00,0,-1,
U_48_day5_h22,U_48,5,22,5,1,2025-01-06 22:47:00,0,-1,
U_49_day5_h16,U_49,5,16,5,1,2025-01-06 16:04:00,1,5,2025-01-06 16:09:00
U_50_day5_h16,U_50,5,16,5,1,2025-01-06 16:46:00,0,-1,
U_51_day5_h19,U_51,5,19,5,1,2025-01-06 19:15:00,1,2,2025-01-06 19:17:00
U_52_day5_h11,U_52,5,11,5,1,2025-01-06 11:26:00,0,-1,
U_53_day5_h17,U_53,5,17,5,1,2025-01-06 17:18:00,0,-1,
U_54_day5_h7,U_54,5,7,5,1,2025-01-06 07:17:00,0,-1,
U_55_day5_h20,U_55,5,20,5,1,2025-01-06 20:39:00,0,-1,
U_56_day5_h18,U_56,5,18,5,1,2025-01-06 18:06:00,0,-1,
U_57_day5_h7,U_57,5,7,5,1,2025-01-06 07:22:00,0,-1,
U_58_day5_h10,U_58,5,10,5,1,2025-01-06 10:25:00,1,0,2025-01-06 10:25:00
U_59_day5_h7,U_59,5,7,5,1,2025-01-06 07:14:00,0,-1,
U_60_day5_h22,U_60,5,22,5,1,2025-01-06 22:45:00,0,-1,
U_61_day5_h14,U_61,5,14,5,1,2025-01-06 14:45:00,1,5,2025-01-06 14:50:00
U_62_day5_h10,U_62,5,10,5,1,2025-01-06 10:39:00,0,-1,
U_63_day5_h14,U_63,5,14,5,1,2025-01-06 14:58:00,0,-1,
U_64_day5_h20,U_64,5,20,5,1,2025-01-06 20:55:00,0,-1,
U_65_day5_h19,U_65,5,19,5,1,2025-01-06 19:55:00,0,-1,
U_66_day5_h9,U_66,5,9,5,1,2025-01-06 09:13:00,0,-1,
U_67_day5_h21,U_67,5,21,5,1,2025-01-06 21:13:00,0,-1,
U_68_day5_h21,U_68,5,21,5,1,2025-01-06 21:41:00,0,-1,
U_69_day5_h9,U_69,5,9,5,1,2025-01-06 09:51:00,1,1,2025-01-06 09:52:00
U_70_day5_h20,U_70,5,20,5,1,2025-01-06 20:27:00,1,25,2025-01-06 20:52:00
U_71_day5_h17,U_71,5,17,5,1,2025-01-06 17:24:00,0,-1,
U_72_day5_h15,U_72,5,15,5,1,2025-01-06 15:02:00,0,-1,
U_73_day5_h19,U_73,5,19,5,1,2025-01-06 19:18:00,0,-1,
U_74_day5_h14,U_74,5,14,5,1,2025-01-06 14:06:00,0,-1,
U_75_day5_h14,U_75,5,14,5,1,2025-01-06 14:23:00,0,-1,
U_76_day5_h13,U_76,5,13,5,1,2025-01-06 13:57:00,0,-1,
U_77_day5_h21,U_77,5,21,5,1,2025-01-06 21:20:00,0,-1,
U_78_day5_h17,U_78,5,17,5,1,2025-01-06 17:14:00,1,1,2025-01-06 17:15:00
U_79_day5_h11,U_79,5,11,5,1,2025-01-06 11:03:00,0,-1,
U_80_day5_h10,U_80,5,10,5,1,2025-01-06 10:49:00,0,-1,
U_81_day5_h22,U_81,5,22,5,1,2025-01-06 22:24:00,1,0,2025-01-06 22:24:00
U_82_day5_h22,U_82,5,22,5,1,2025-01-06 22:58:00,1,14,2025-01-06 23:12:00
U_83_day5_h15,U_83,5,15,5,1,2025-01-06 15:18:00,0,-1,
U_84_day5_h8,U_84,5,8,5,1,2025-01-06 08:16:00,0,-1,
U_85_day5_h9,U_85,5,9,5,1,2025-01-06 09:43:00,0,-1,
U_86_day5_h22,U_86,5,22,5,1,2025-01-06 22:52:00,0,-1,
U_87_day5_h16,U_87,5,16,5,1,2025-01-06 16:25:00,0,-1,
U_88_day5_h7,U_88,5,7,5,1,2025-01-06 07:57:00,0,-1,
U_89_day5_h13,U_89,5,13,5,1,2025-01-06 13:47:00,0,-1,
U_90_day5_h12,U_90,5,12,5,1,2025-01-06 12:49:00,1,3,2025-01-06 12:52:00
U_91_day5_h13,U_91,5,13,5,1,2025-01-06 13:59:00,0,-1,
U_92_day5_h16,U_92,5,16,5,1,2025-01-06 16:16:00,0,-1,
U_93_day5_h16,U_93,5,16,5,1,2025-01-06 16:30:00,1,2,2025-01-06 16:32:00
U_94_day5_h14,U_94,5,14,5,1,2025-01-06 14:16:00,0,-1,
U_95_day5_h17,U_95,5,17,5,1,2025-01-06 17:58:00,1,3,2025-01-06 18:01:00
U_96_day5_h20,U_96,5,20,5,1,2025-01-06 20:16:00,0,-1,
U_97_day5_h11,U_97,5,11,5,1,2025-01-06 11:21:00,0,-1,
U_98_day5_h7,U_98,5,7,5,1,2025-01-06 07:55:00,0,-1,
U_99_day5_h11,U_99,5,11,5,1,2025-01-06 11:21:00,0,-1,
U_100_day5_h14,U_100,5,14,5,1,2025-01-06 14:52:00,0,-1,
U_1_day6_h16,U_1,6,16,6,1,2025-01-07 16:09:00,1,10,2025-01-07 16:19:00
U_2_day6_h7,U_2,6,7,6,1,2025-01-07 07:10:00,0,-1,
U_3_day6_h13,U_3,6,13,6,1,2025-01-07 13:37:00,0,-1,
U_4_day6_h16,U_4,6,16,6,1,2025-01-07 16:09:00,0,-1,
U_5_day6_h17,U_5,6,17,6,1,2025-01-07 17:36:00,0,-1,
U_6_day6_h16,U_6,6,16,6,1,2025-01-07 16:30:00,1,14,2025-01-07 16:44:00
U_7_day6_h19,U_7,6,19,6,1,2025-01-07 19:31:00,0,-1,
U_8_day6_h19,U_8,6,19,6,1,2025-01-07 19:07:00,1,5,2025-01-07 19:12:00
U_9_day6_h18,U_9,6,18,6,1,2025-01-07 18:34:00,0,-1,
U_10_day6_h20,U_10,6,20,6,1,2025-01-07 20:09:00,0,-1,
U_11_day6_h20,U_11,6,20,6,1,2025-01-07 20:53:00,1,1,2025-01-07 20:54:00
U_12_day6_h21,U_12,6,21,6,1,2025-01-07 21:54:00,0,-1,
U_13_day6_h13,U_13,6,13,6,1,2025-01-07 13:38:00,1,14,2025-01-07 13:52:00
U_14_day6_h15,U_14,6,15,6,1,2025-01-07 15:38:00,0,-1,
U_15_day6_h17,U_15,6,17,6,1,2025-01-07 17:16:00,1,2,2025-01-07 17:18:00
U_16_day6_h19,U_16,6,19,6,1,2025-01-07 19:53:00,0,-1,
U_17_day6_h10,U_17,6,10,6,1,2025-01-07 10:29:00,0,-1,
U_18_day6_h20,U_18,6,20,6,1,2025-01-07 20:08:00,1,246,2025-01-08 00:14:00
U_19_day6_h11,U_19,6,11,6,1,2025-01-07 11:52:00,1,2,2025-01-07 11:54:00
U_20_day6_h10,U_20,6,10,6,1,2025-01-07 10:02:00,0,-1,
U_21_day6_h16,U_21,6,16,6,1,2025-01-07 16:20:00,0,-1,
U_22_day6_h9,U_22,6,9,6,1,2025-01-07 09:14:00,1,24,2025-01-07 09:38:00
U_23_day6_h17,U_23,6,17,6,1,2025-01-07 17:06:00,1,3,2025-01-07 17:09:00
U_24_day6_h10,U_24,6,10,6,1,2025-01-07 10:08:00,0,-1,
U_25_day6_h19,U_25,6,19,6,1,2025-01-07 19:01:00,0,-1,
U_26_day6_h9,U_26,6,9,6,1,2025-01-07 09:31:00,0,-1,
U_27_day6_h16,U_27,6,16,6,1,2025-01-07 16:39:00,0,-1,
U_28_day6_h20,U_28,6,20,6,1,2025-01-07 20:25:00,1,5,2025-01-07 20:30:00
U_29_day6_h21,U_29,6,21,6,1,2025-01-07 21:31:00,0,-1,
U_30_day6_h8,U_30,6,8,6,1,2025-01-07 08:51:00,0,-1,
U_31_day6_h10,U_31,6,10,6,1,2025-01-07 10:52:00,0,-1,
U_32_day6_h17,U_32,6,17,6,1,2025-01-07 17:16:00,0,-1,
U_33_day6_h11,U_33,6,11,6,1,2025-01-07 11:59:00,0,-1,
U_34_day6_h10,U_34,6,10,6,1,2025-01-07 10:21:00,0,-1,
U_35_day6_h12,U_35,6,12,6,1,2025-01-07 12:19:00,0,-1,
U_36_day6_h5,U_36,6,5,6,1,2025-01-07 05:36:00,0,-1,
U_37_day6_h20,U_37,6,20,6,1,2025-01-07 20:49:00,0,-1,
U_38_day6_h8,U_38,6,8,6,1,2025-01-07 08:14:00,1,20,2025-01-07 08:34:00
U_39_day6_h2,U_39,6,2,6,1,2025-01-07 02:15:00,0,-1,
U_40_day6_h13,U_40,6,13,6,1,2025-01-07 13:07:00,0,-1,
U_41_day6_h14,U_41,6,14,6,1,2025-01-07 14:29:00,0,-1,
U_42_day6_h9,U_42,6,9,6,1,2025-01-07 09:15:00,0,-1,
U_43_day6_h13,U_43,6,13,6,1,2025-01-07 13:46:00,0,-1,
U_44_day6_h10,U_44,6,10,6,1,2025-01-07 10:31:00,1,7,2025-01-07 10:38:00
U_45_day6_h7,U_45,6,7,6,1,2025-01-07 07:42:00,1,300,2025-01-07 12:42:00
U_46_day6_h21,U_46,6,21,6,1,2025-01-07 21:30:00,0,-1,
U_47_day6_h13,U_47,6,13,6,1,2025-01-07 13:41:00,0,-1,
U_48_day6_h8,U_48,6,8,6,1,2025-01-07 08:03:00,0,-1,
U_49_day6_h23,U_49,6,23,6,1,2025-01-07 23:28:00,0,-1,
U_50_day6_h21,U_50,6,21,6,1,2025-01-07 21:49:00,0,-1,
U_51_day6_h13,U_51,6,13,6,1,2025-01-07 13:03:00,0,-1,
U_52_day6_h18,U_52,6,18,6,1,2025-01-07 18:04:00,1,4,2025-01-07 18:08:00
U_53_day6_h14,U_53,6,14,6,1,2025-01-07 14:19:00,0,-1,
U_54_day6_h18,U_54,6,18,6,1,2025-01-07 18:07:00,0,-1,
U_55_day6_h13,U_55,6,13,6,1,2025-01-07 13:54:00,0,-1,
U_56_day6_h10,U_56,6,10,6,1,2025-01-07 10:36:00,1,5,2025-01-07 10:41:00
U_57_day6_h13,U_57,6,13,6,1,2025-01-07 13:07:00,0,-1,
U_58_day6_h8,U_58,6,8,6,1,2025-01-07 08:44:00,0,-1,
U_59_day6_h12,U_59,6,12,6,1,2025-01-07 12:54:00,0,-1,
U_60_day6_h21,U_60,6,21,6,1,2025-01-07 21:59:00,1,2,2025-01-07 22:01:00
U_61_day6_h19,U_61,6,19,6,1,2025-01-07 19:44:00,1,28,2025-01-07 20:12:00
U_62_day6_h10,U_62,6,10,6,1,2025-01-07 10:37:00,0,-1,
U_63_day6_h11,U_63,6,11,6,1,2025-01-07 11:07:00,1,7,2025-01-07 11:14:00
U_64_day6_h14,U_64,6,14,6,1,2025-01-07 14:23:00,0,-1,
U_65_day6_h12,U_65,6,12,6,1,2025-01-07 12:53:00,0,-1,
U_66_day6_h14,U_66,6,14,6,1,2025-01-07 14:03:00,1,18,2025-01-07 14:21:00
U_67_day6_h12,U_67,6,12,6,1,2025-01-07 12:39:00,0,-1,
U_68_day6_h12,U_68,6,12,6,1,2025-01-07 12:21:00,0,-1,
U_69_day6_h23,U_69,6,23,6,1,2025-01-07 23:44:00,0,-1,
U_70_day6_h22,U_70,6,22,6,1,2025-01-07 22:43:00,1,3,2025-01-07 22:46:00
U_71_day6_h20,U_71,6,20,6,1,2025-01-07 20:47:00,0,-1,
U_72_day6_h9,U_72,6,9,6,1,2025-01-07 09:00:00,0,-1,
U_73_day6_h5,U_73,6,5,6,1,2025-01-07 05:40:00,0,-1,
U_74_day6_h21,U_74,6,21,6,1,2025-01-07 21:57:00,0,-1,
U_75_day6_h20,U_75,6,20,6,1,2025-01-07 20:05:00,1,9,2025-01-07 20:14:00
U_76_day6_h20,U_76,6,20,6,1,2025-01-07 20:51:00,0,-1,
U_77_day6_h15,U_77,6,15,6,1,2025-01-07 15:42:00,0,-1,
U_78_day6_h12,U_78,6,12,6,1,2025-01-07 12:32:00,1,8,2025-01-07 12:40:00
U_79_day6_h12,U_79,6,12,6,1,2025-01-07 12:26:00,0,-1,
U_80_day6_h8,U_80,6,8,6,1,2025-01-07 08:29:00,0,-1,
U_81_day6_h11,U_81,6,11,6,1,2025-01-07 11:10:00,0,-1,
U_82_day6_h8,U_82,6,8,6,1,2025-01-07 08:03:00,0,-1,
U_83_day6_h8,U_83,6,8,6,1,2025-01-07 08:00:00,0,-1,
U_84_day6_h13,U_84,6,13,6,1,2025-01-07 13:58:00,0,-1,
U_85_day6_h11,U_85,6,11,6,1,2025-01-07 11:49:00,0,-1,
U_86_day6_h15,U_86,6,15,6,1,2025-01-07 15:01:00,0,-1,
U_87_day6_h8,U_87,6,8,6,1,2025-01-07 08:40:00,0,-1,
U_88_day6_h13,U_88,6,13,6,1,2025-01-07 13:44:00,0,-1,
U_89_day6_h12,U_89,6,12,6,1,2025-01-07 12:08:00,0,-1,
U_90_day6_h18,U_90,6,18,6,1,2025-01-07 18:40:00,1,1,2025-01-07 18:41:00
U_91_day6_h18,U_91,6,18,6,1,2025-01-07 18:42:00,0,-1,
U_92_day6_h15,U_92,6,15,6,1,2025-01-07 15:27:00,0,-1,
U_93_day6_h17,U_93,6,17,6,1,2025-01-07 17:03:00,1,1,2025-01-07 17:04:00
U_94_day6_h7,U_94,6,7,6,1,2025-01-07 07:31:00,0,-1,
U_95_day6_h2,U_95,6,2,6,1,2025-01-07 02:32:00,0,-1,
U_96_day6_h7,U_96,6,7,6,1,2025-01-07 07:17:00,1,1,2025-01-07 07:18:00
U_97_day6_h21,U_97,6,21,6,1,2025-01-07 21:55:00,0,-1,
U_98_day6_h12,U_98,6,12,6,1,2025-01-07 12:52:00,0,-1,
U_99_day6_h19,U_99,6,19,6,1,2025-01-07 19:14:00,0,-1,
U_100_day6_h19,U_100,6,19,6,1,2025-01-07 19:46:00,1,2,2025-01-07 19:48:00
U_1_day7_h13,U_1,7,13,0,0,2025-01-08 13:36:00,0,-1,
U_2_day7_h13,U_2,7,13,0,0,2025-01-08 13:52:00,0,-1,
U_3_day7_h21,U_3,7,21,0,0,2025-01-08 21:55:00,0,-1,
U_4_day7_h12,U_4,7,12,0,0,2025-01-08 12:34:00,0,-1,
U_5_day7_h19,U_5,7,19,0,0,2025-01-08 19:16:00,0,-1,
U_6_day7_h10,U_6,7,10,0,0,2025-01-08 10:00:00,0,-1,
U_7_day7_h20,U_7,7,20,0,0,2025-01-08 20:57:00,0,-1,
U_8_day7_h3,U_8,7,3,0,0,2025-01-08 03:48:00,0,-1,
U_9_day7_h19,U_9,7,19,0,0,2025-01-08 19:15:00,0,-1,
U_10_day7_h18,U_10,7,18,0,0,2025-01-08 18:49:00,0,-1,
U_11_day7_h18,U_11,7,18,0,0,2025-01-08 18:44:00,1,11,2025-01-08 18:55:00
U_12_day7_h8,U_12,7,8,0,0,2025-01-08 08:55:00,0,-1,
U_13_day7_h20,U_13,7,20,0,0,2025-01-08 20:25:00,0,-1,
U_14_day7_h19,U_14,7,19,0,0,2025-01-08 19:13:00,1,12,2025-01-08 19:25:00
U_15_day7_h18,U_15,7,18,0,0,2025-01-08 18:59:00,1,19,2025-01-08 19:18:00
U_16_day7_h9,U_16,7,9,0,0,2025-01-08 09:17:00,1,0,2025-01-08 09:17:00
U_17_day7_h16,U_17,7,16,0,0,2025-01-08 16:53:00,0,-1,
U_18_day7_h14,U_18,7,14,0,0,2025-01-08 14:19:00,0,-1,
U_19_day7_h13,U_19,7,13,0,0,2025-01-08 13:34:00,1,1,2025-01-08 13:35:00
U_20_day7_h22,U_20,7,22,0,0,2025-01-08 22:07:00,1,3,2025-01-08 22:10:00
U_21_day7_h14,U_21,7,14,0,0,2025-01-08 14:37:00,1,4,2025-01-08 14:41:00
U_22_day7_h16,U_22,7,16,0,0,2025-01-08 16:20:00,0,-1,
U_23_day7_h12,U_23,7,12,0,0,2025-01-08 12:41:00,0,-1,
U_24_day7_h10,U_24,7,10,0,0,2025-01-08 10:37:00,0,-1,
U_25_day7_h8,U_25,7,8,0,0,2025-01-08 08:13:00,1,11,2025-01-08 08:24:00
U_26_day7_h10,U_26,7,10,0,0,2025-01-08 10:27:00,0,-1,
U_27_day7_h16,U_27,7,16,0,0,2025-01-08 16:05:00,0,-1,
U_28_day7_h16,U_28,7,16,0,0,2025-01-08 16:55:00,1,4,2025-01-08 16:59:00
U_29_day7_h18,U_29,7,18,0,0,2025-01-08 18:36:00,0,-1,
U_30_day7_h7,U_30,7,7,0,0,2025-01-08 07:28:00,0,-1,
U_31_day7_h23,U_31,7,23,0,0,2025-01-08 23:54:00,0,-1,
U_32_day7_h13,U_32,7,13,0,0,2025-01-08 13:06:00,0,-1,
U_33_day7_h14,U_33,7,14,0,0,2025-01-08 14:11:00,0,-1,
U_34_day7_h15,U_34,7,15,0,0,2025-01-08 15:08:00,1,1,2025-01-08 15:09:00
U_35_day7_h12,U_35,7,12,0,0,2025-01-08 12:21:00,0,-1,
U_36_day7_h8,U_36,7,8,0,0,2025-01-08 08:35:00,1,4,2025-01-08 08:39:00
U_37_day7_h15,U_37,7,15,0,0,2025-01-08 15:57:00,1,9,2025-01-08 16:06:00
U_38_day7_h18,U_38,7,18,0,0,2025-01-08 18:46:00,0,-1,
U_39_day7_h20,U_39,7,20,0,0,2025-01-08 20:19:00,0,-1,
U_40_day7_h16,U_40,7,16,0,0,2025-01-08 16:17:00,0,-1,
U_41_day7_h11,U_41,7,11,0,0,2025-01-08 11:38:00,0,-1,
U_42_day7_h19,U_42,7,19,0,0,2025-01-08 19:10:00,0,-1,
U_43_day7_h13,U_43,7,13,0,0,2025-01-08 13:45:00,0,-1,
U_44_day7_h12,U_44,7,12,0,0,2025-01-08 12:46:00,0,-1,
U_45_day7_h9,U_45,7,9,0,0,2025-01-08 09:03:00,1,5,2025-01-08 09:08:00
U_46_day7_h11,U_46,7,11,0,0,2025-01-08 11:57:00,0,-1,
U_47_day7_h18,U_47,7,18,0,0,2025-01-08 18:43:00,0,-1,
U_48_day7_h17,U_48,7,17,0,0,2025-01-08 17:20:00,0,-1,
U_49_day7_h15,U_49,7,15,0,0,2025-01-08 15:22:00,0,-1,
U_50_day7_h16,U_50,7,16,0,0,2025-01-08 16:38:00,1,28,2025-01-08 17:06:00
U_51_day7_h16,U_51,7,16,0,0,2025-01-08 16:49:00,0,-1,
U_52_day7_h3,U_52,7,3,0,0,2025-01-08 03:30:00,0,-1,
U_53_day7_h22,U_53,7,22,0,0,2025-01-08 22:19:00,0,-1,
U_54_day7_h18,U_54,7,18,0,0,2025-01-08 18:25:00,0,-1,
U_55_day7_h13,U_55,7,13,0,0,2025-01-08 13:57:00,0,-1,
U_56_day7_h22,U_56,7,22,0,0,2025-01-08 22:32:00,0,-1,
U_57_day7_h13,U_57,7,13,0,0,2025-01-08 13:32:00,0,-1,
U_58_day7_h15,U_58,7,15,0,0,2025-01-08 15:35:00,0,-1,
U_59_day7_h10,U_59,7,10,0,0,2025-01-08 10:14:00,0,-1,
U_60_day7_h14,U_60,7,14,0,0,2025-01-08 14:21:00,0,-1,
U_61_day7_h18,U_61,7,18,0,0,2025-01-08 18:52:00,0,-1,
U_62_day7_h14,U_62,7,14,0,0,2025-01-08 14:42:00,0,-1,
U_63_day7_h12,U_63,7,12,0,0,2025-01-08 12:23:00,1,47,2025-01-08 13:10:00
U_64_day7_h19,U_64,7,19,0,0,2025-01-08 19:24:00,0,-1,
U_65_day7_h10,U_65,7,10,0,0,2025-01-08 10:18:00,0,-1,
U_66_day7_h19,U_66,7,19,0,0,2025-01-08 19:45:00,1,4,2025-01-08 19:49:00
U_67_day7_h22,U_67,7,22,0,0,2025-01-08 22:41:00,0,-1,
U_68_day7_h8,U_68,7,8,0,0,2025-01-08 08:33:00,1,11,2025-01-08 08:44:00
U_69_day7_h19,U_69,7,19,0,0,2025-01-08 19:22:00,0,-1,
U_70_day7_h20,U_70,7,20,0,0,2025-01-08 20:58:00,1,2,2025-01-08 21:00:00
U_71_day7_h6,U_71,7,6,0,0,2025-01-08 06:24:00,0,-1,
U_72_day7_h21,U_72,7,21,0,0,2025-01-08 21:35:00,0,-1,
U_73_day7_h6,U_73,7,6,0,0,2025-01-08 06:07:00,0,-1,
U_74_day7_h17,U_74,7,17,0,0,2025-01-08 17:56:00,0,-1,
U_75_day7_h1,U_75,7,1,0,0,2025-01-08 01:02:00,0,-1,
U_76_day7_h17,U_76,7,17,0,0,2025-01-08 17:53:00,0,-1,
U_77_day7_h18,U_77,7,18,0,0,2025-01-08 18:10:00,0,-1,
U_78_day7_h4,U_78,7,4,0,0,2025-01-08 04:58:00,0,-1,
U_79_day7_h18,U_79,7,18,0,0,2025-01-08 18:21:00,1,3,2025-01-08 18:24:00
U_80_day7_h6,U_80,7,6,0,0,2025-01-08 06:00:00,0,-1,
U_81_day7_h16,U_81,7,16,0,0,2025-01-08 16:17:00,0,-1,
U_82_day7_h18,U_82,7,18,0,0,2025-01-08 18:29:00,1,18,2025-01-08 18:47:00
U_83_day7_h8,U_83,7,8,0,0,2025-01-08 08:00:00,0,-1,
U_84_day7_h9,U_84,7,9,0,0,2025-01-08 09:56:00,0,-1,
U_85_day7_h6,U_85,7,6,0,0,2025-01-08 06:20:00,0,-1,
U_86_day7_h9,U_86,7,9,0,0,2025-01-08 09:59:00,0,-1,
U_87_day7_h14,U_87,7,14,0,0,2025-01-08 14:39:00,1,52,2025-01-08 15:31:00
U_88_day7_h22,U_88,7,22,0,0,2025-01-08 22:03:00,1,7,2025-01-08 22:10:00
U_89_day7_h22,U_89,7,22,0,0,2025-01-08 22:22:00,0,-1,
U_90_day7_h16,U_90,7,16,0,0,2025-01-08 16:51:00,0,-1,
U_91_day7_h17,U_91,7,17,0,0,2025-01-08 17:05:00,0,-1,
U_92_day7_h18,U_92,7,18,0,0,2025-01-08 18:20:00,0,-1,
U_93_day7_h6,U_93,7,6,0,0,2025-01-08 06:26:00,0,-1,
U_94_day7_h9,U_94,7,9,0,0,2025-01-08 09:49:00,1,1,2025-01-08 09:50:00
U_95_day7_h20,U_95,7,20,0,0,2025-01-08 20:33:00,1,40,2025-01-08 21:13:00
U_96_day7_h11,U_96,7,11,0,0,2025-01-08 11:07:00,0,-1,
U_97_day7_h8,U_97,7,8,0,0,2025-01-08 08:14:00,1,16,2025-01-08 08:30:00
U_98_day7_h19,U_98,7,19,0,0,2025-01-08 19:29:00,1,14,2025-01-08 19:43:00
U_99_day7_h18,U_99,7,18,0,0,2025-01-08 18:45:00,0,-1,
U_100_day7_h12,U_100,7,12,0,0,2025-01-08 12:28:00,0,-1,
U_1_day8_h18,U_1,8,18,1,0,2025-01-09 18:41:00,0,-1,
U_2_day8_h9,U_2,8,9,1,0,2025-01-09 09:13:00,1,4,2025-01-09 09:17:00
U_3_day8_h16,U_3,8,16,1,0,2025-01-09 16:25:00,0,-1,
U_4_day8_h14,U_4,8,14,1,0,2025-01-09 14:42:00,0,-1,
U_5_day8_h16,U_5,8,16,1,0,2025-01-09 16:32:00,0,-1,
U_6_day8_h15,U_6,8,15,1,0,2025-01-09 15:37:00,1,0,2025-01-09 15:37:00
U_7_day8_h17,U_7,8,17,1,0,2025-01-09 17:07:00,1,10,2025-01-09 17:17:00
U_8_day8_h19,U_8,8,19,1,0,2025-01-09 19:15:00,1,3,2025-01-09 19:18:00
U_9_day8_h8,U_9,8,8,1,0,2025-01-09 08:03:00,1,0,2025-01-09 08:03:00
U_10_day8_h23,U_10,8,23,1,0,2025-01-09 23:34:00,0,-1,
U_11_day8_h10,U_11,8,10,1,0,2025-01-09 10:30:00,0,-1,
U_12_day8_h16,U_12,8,16,1,0,2025-01-09 16:09:00,0,-1,
U_13_day8_h7,U_13,8,7,1,0,2025-01-09 07:40:00,0,-1,
U_14_day8_h9,U_14,8,9,1,0,2025-01-09 09:56:00,0,-1,
U_15_day8_h10,U_15,8,10,1,0,2025-01-09 10:26:00,1,6,2025-01-09 10:32:00
U_16_day8_h17,U_16,8,17,1,0,2025-01-09 17:11:00,0,-1,
U_17_day8_h16,U_17,8,16,1,0,2025-01-09 16:08:00,0,-1,
U_18_day8_h13,U_18,8,13,1,0,2025-01-09 13:06:00,0,-1,
U_19_day8_h21,U_19,8,21,1,0,2025-01-09 21:19:00,0,-1,
U_20_day8_h22,U_20,8,22,1,0,2025-01-09 22:19:00,0,-1,
U_21_day8_h10,U_21,8,10,1,0,2025-01-09 10:36:00,0,-1,
U_22_day8_h16,U_22,8,16,1,0,2025-01-09 16:30:00,0,-1,
U_23_day8_h14,U_23,8,14,1,0,2025-01-09 14:06:00,1,96,2025-01-09 15:42:00
U_24_day8_h14,U_24,8,14,1,0,2025-01-09 14:49:00,0,-1,
U_25_day8_h17,U_25,8,17,1,0,2025-01-09 17:12:00,0,-1,
U_26_day8_h16,U_26,8,16,1,0,2025-01-09 16:57:00,1,1,2025-01-09 16:58:00
U_27_day8_h17,U_27,8,17,1,0,2025-01-09 17:21:00,1,5,2025-01-09 17:26:00
U_28_day8_h8,U_28,8,8,1,0,2025-01-09 08:18:00,0,-1,
U_29_day8_h14,U_29,8,14,1,0,2025-01-09 14:49:00,0,-1,
U_30_day8_h8,U_30,8,8,1,0,2025-01-09 08:36:00,0,-1,
U_31_day8_h8,U_31,8,8,1,0,2025-01-09 08:11:00,0,-1,
U_32_day8_h22,U_32,8,22,1,0,2025-01-09 22:55:00,0,-1,
U_33_day8_h10,U_33,8,10,1,0,2025-01-09 10:29:00,1,6,2025-01-09 10:35:00
U_34_day8_h1,U_34,8,1,1,0,2025-01-09 01:46:00,0,-1,
U_35_day8_h23,U_35,8,23,1,0,2025-01-09 23:55:00,0,-1,
U_36_day8_h7,U_36,8,7,1,0,2025-01-09 07:38:00,1,49,2025-01-09 08:27:00
U_37_day8_h12,U_37,8,12,1,0,2025-01-09 12:10:00,1,5,2025-01-09 12:15:00
U_38_day8_h8,U_38,8,8,1,0,2025-01-09 08:11:00,1,24,2025-01-09 08:35:00
U_39_day8_h17,U_39,8,17,1,0,2025-01-09 17:59:00,0,-1,
U_40_day8_h20,U_40,8,20,1,0,2025-01-09 20:21:00,0,-1,
U_41_day8_h20,U_41,8,20,1,0,2025-01-09 20:08:00,0,-1,
U_42_day8_h16,U_42,8,16,1,0,2025-01-09 16:37:00,0,-1,
U_43_day8_h18,U_43,8,18,1,0,2025-01-09 18:09:00,0,-1,
U_44_day8_h10,U_44,8,10,1,0,2025-01-09 10:08:00,1,12,2025-01-09 10:20:00
U_45_day8_h7,U_45,8,7,1,0,2025-01-09 07:10:00,0,-1,
U_46_day8_h7,U_46,8,7,1,0,2025-01-09 07:20:00,0,-1,
U_47_day8_h7,U_47,8,7,1,0,2025-01-09 07:27:00,0,-1,
U_48_day8_h13,U_48,8,13,1,0,2025-01-09 13:36:00,0,-1,
U_49_day8_h8,U_49,8,8,1,0,2025-01-09 08:14:00,0,-1,
U_50_day8_h22,U_50,8,22,1,0,2025-01-09 22:16:00,0,-1,
U_51_day8_h22,U_51,8,22,1,0,2025-01-09 22:02:00,1,11,2025-01-09 22:13:00
U_52_day8_h9,U_52,8,9,1,0,2025-01-09 09:08:00,0,-1,
U_53_day8_h8,U_53,8,8,1,0,2025-01-09 08:41:00,0,-1,
U_54_day8_h14,U_54,8,14,1,0,2025-01-09 14:27:00,0,-1,
U_55_day8_h6,U_55,8,6,1,0,2025-01-09 06:29:00,0,-1,
U_56_day8_h16,U_56,8,16,1,0,2025-01-09 16:58:00,1,24,2025-01-09 17:22:00
U_57_day8_h17,U_57,8,17,1,0,2025-01-09 17:02:00,0,-1,
U_58_day8_h9,U_58,8,9,1,0,2025-01-09 09:05:00,1,15,2025-01-09 09:20:00
U_59_day8_h12,U_59,8,12,1,0,2025-01-09 12:41:00,0,-1,
U_60_day8_h9,U_60,8,9,1,0,2025-01-09 09:02:00,1,5,2025-01-09 09:07:00
U_61_day8_h21,U_61,8,21,1,0,2025-01-09 21:43:00,0,-1,
U_62_day8_h10,U_62,8,10,1,0,2025-01-09 10:52:00,0,-1,
U_63_day8_h13,U_63,8,13,1,0,2025-01-09 13:01:00,1,1,2025-01-09 13:02:00
U_64_day8_h19,U_64,8,19,1,0,2025-01-09 19:04:00,0,-1,
U_65_day8_h19,U_65,8,19,1,0,2025-01-09 19:16:00,0,-1,
U_66_day8_h23,U_66,8,23,1,0,2025-01-09 23:11:00,0,-1,
U_67_day8_h18,U_67,8,18,1,0,2025-01-09 18:53:00,0,-1,
U_68_day8_h6,U_68,8,6,1,0,2025-01-09 06:35:00,0,-1,
U_69_day8_h15,U_69,8,15,1,0,2025-01-09 15:53:00,0,-1,
U_70_day8_h10,U_70,8,10,1,0,2025-01-09 10:04:00,0,-1,
U_71_day8_h11,U_71,8,11,1,0,2025-01-09 11:47:00,1,19,2025-01-09 12:06:00
U_72_day8_h17,U_72,8,17,1,0,2025-01-09 17:05:00,0,-1,
U_73_day8_h17,U_73,8,17,1,0,2025-01-09 17:47:00,0,-1,
U_74_day8_h11,U_74,8,11,1,0,2025-01-09 11:59:00,0,-1,
U_75_day8_h14,U_75,8,14,1,0,2025-01-09 14:37:00,0,-1,
U_76_day8_h20,U_76,8,20,1,0,2025-01-09 20:14:00,0,-1,
U_77_day8_h14,U_77,8,14,1,0,2025-01-09 14:56:00,0,-1,
U_78_day8_h12,U_78,8,12,1,0,2025-01-09 12:48:00,0,-1,
U_79_day8_h21,U_79,8,21,1,0,2025-01-09 21:12:00,0,-1,
U_80_day8_h7,U_80,8,7,1,0,2025-01-09 07:30:00,0,-1,
U_81_day8_h16,U_81,8,16,1,0,2025-01-09 16:03:00,0,-1,
U_82_day8_h13,U_82,8,13,1,0,2025-01-09 13:23:00,1,3,2025-01-09 13:26:00
U_83_day8_h14,U_83,8,14,1,0,2025-01-09 14:06:00,1,34,2025-01-09 14:40:00
U_84_day8_h16,U_84,8,16,1,0,2025-01-09 16:30:00,0,-1,
U_85_day8_h17,U_85,8,17,1,0,2025-01-09 17:20:00,1,17,2025-01-09 17:37:00
U_86_day8_h9,U_86,8,9,1,0,2025-01-09 09:22:00,1,239,2025-01-09 13:21:00
U_87_day8_h9,U_87,8,9,1,0,2025-01-09 09:51:00,0,-1,
U_88_day8_h23,U_88,8,23,1,0,2025-01-09 23:56:00,1,11,2025-01-10 00:07:00
U_89_day8_h13,U_89,8,13,1,0,2025-01-09 13:46:00,0,-1,
U_90_day8_h20,U_90,8,20,1,0,2025-01-09 20:12:00,1,11,2025-01-09 20:23:00
U_91_day8_h16,U_91,8,16,1,0,2025-01-09 16:21:00,0,-1,
U_92_day8_h8,U_92,8,8,1,0,2025-01-09 08:06:00,1,1,2025-01-09 08:07:00
U_93_day8_h10,U_93,8,10,1,0,2025-01-09 10:27:00,0,-1,
U_94_day8_h12,U_94,8,12,1,0,2025-01-09 12:41:00,0,-1,
U_95_day8_h0,U_95,8,0,1,0,2025-01-09 00:55:00,0,-1,
U_96_day8_h14,U_96,8,14,1,0,2025-01-09 14:52:00,0,-1,
U_97_day8_h14,U_97,8,14,1,0,2025-01-09 14:18:00,0,-1,
U_98_day8_h21,U_98,8,21,1,0,2025-01-09 21:53:00,0,-1,
U_99_day8_h18,U_99,8,18,1,0,2025-01-09 18:22:00,0,-1,
U_100_day8_h17,U_100,8,17,1,0,2025-01-09 17:37:00,0,-1,
U_1_day9_h12,U_1,9,12,2,0,2025-01-10 12:03:00,0,-1,
U_2_day9_h23,U_2,9,23,2,0,2025-01-10 23:52:00,0,-1,
U_3_day9_h17,U_3,9,17,2,0,2025-01-10 17:03:00,1,18,2025-01-10 17:21:00
U_4_day9_h18,U_4,9,18,2,0,2025-01-10 18:26:00,1,28,2025-01-10 18:54:00
U_5_day9_h17,U_5,9,17,2,0,2025-01-10 17:10:00,0,-1,
U_6_day9_h19,U_6,9,19,2,0,2025-01-10 19:19:00,0,-1,
U_7_day9_h16,U_7,9,16,2,0,2025-01-10 16:28:00,1,3,2025-01-10 16:31:00
U_8_day9_h14,U_8,9,14,2,0,2025-01-10 14:44:00,0,-1,
U_9_day9_h13,U_9,9,13,2,0,2025-01-10 13:38:00,1,0,2025-01-10 13:38:00
U_10_day9_h14,U_10,9,14,2,0,2025-01-10 14:30:00,0,-1,
U_11_day9_h22,U_11,9,22,2,0,2025-01-10 22:37:00,0,-1,
U_12_day9_h18,U_12,9,18,2,0,2025-01-10 18:05:00,1,1,2025-01-10 18:06:00
U_13_day9_h0,U_13,9,0,2,0,2025-01-10 00:44:00,0,-1,
U_14_day9_h18,U_14,9,18,2,0,2025-01-10 18:22:00,1,3,2025-01-10 18:25:00
U_15_day9_h10,U_15,9,10,2,0,2025-01-10 10:03:00,1,5,2025-01-10 10:08:00
U_16_day9_h19,U_16,9,19,2,0,2025-01-10 19:10:00,1,124,2025-01-10 21:14:00
U_17_day9_h21,U_17,9,21,2,0,2025-01-10 21:41:00,0,-1,
U_18_day9_h18,U_18,9,18,2,0,2025-01-10 18:28:00,0,-1,
U_19_day9_h17,U_19,9,17,2,0,2025-01-10 17:56:00,0,-1,
U_20_day9_h9,U_20,9,9,2,0,2025-01-10 09:37:00,0,-1,
U_21_day9_h19,U_21,9,19,2,0,2025-01-10 19:56:00,0,-1,
U_22_day9_h20,U_22,9,20,2,0,2025-01-10 20:10:00,0,-1,
U_23_day9_h6,U_23,9,6,2,0,2025-01-10 06:00:00,0,-1,
U_24_day9_h5,U_24,9,5,2,0,2025-01-10 05:09:00,0,-1,
U_25_day9_h11,U_25,9,11,2,0,2025-01-10 11:37:00,0,-1,
U_26_day9_h18,U_26,9,18,2,0,2025-01-10 18:19:00,0,-1,
U_27_day9_h21,U_27,9,21,2,0,2025-01-10 21:56:00,1,32,2025-01-10 22:28:00
U_28_day9_h17,U_28,9,17,2,0,2025-01-10 17:16:00,0,-1,
U_29_day9_h10,U_29,9,10,2,0,2025-01-10 10:36:00,0,-1,
U_30_day9_h13,U_30,9,13,2,0,2025-01-10 13:14:00,0,-1,
U_31_day9_h15,U_31,9,15,2,0,2025-01-10 15:37:00,0,-1,
U_32_day9_h10,U_32,9,10,2,0,2025-01-10 10:35:00,0,-1,
U_33_day9_h13,U_33,9,13,2,0,2025-01-10 13:51:00,1,1,2025-01-10 13:52:00
U_34_day9_h15,U_34,9,15,2,0,2025-01-10 15:06:00,0,-1,
U_35_day9_h12,U_35,9,12,2,0,2025-01-10 12:22:00,0,-1,
U_36_day9_h20,U_36,9,20,2,0,2025-01-10 20:12:00,0,-1,
U_37_day9_h12,U_37,9,12,2,0,2025-01-10 12:20:00,1,0,2025-01-10 12:20:00
U_38_day9_h0,U_38,9,0,2,0,2025-01-10 00:42:00,0,-1,
U_39_day9_h7,U_39,9,7,2,0,2025-01-10 07:39:00,0,-1,
U_40_day9_h8,U_40,9,8,2,0,2025-01-10 08:41:00,0,-1,
U_41_day9_h19,U_41,9,19,2,0,2025-01-10 19:01:00,0,-1,
U_42_day9_h10,U_42,9,10,2,0,2025-01-10 10:49:00,0,-1,
U_43_day9_h22,U_43,9,22,2,0,2025-01-10 22:11:00,1,57,2025-01-10 23:08:00
U_44_day9_h20,U_44,9,20,2,0,2025-01-10 20:42:00,0,-1,
U_45_day9_h16,U_45,9,16,2,0,2025-01-10 16:11:00,0,-1,
U_46_day9_h18,U_46,9,18,2,0,2025-01-10 18:17:00,0,-1,
U_47_day9_h1,U_47,9,1,2,0,2025-01-10 01:59:00,0,-1,
U_48_day9_h12,U_48,9,12,2,0,2025-01-10 12:50:00,0,-1,
U_49_day9_h19,U_49,9,19,2,0,2025-01-10 19:43:00,1,95,2025-01-10 21:18:00
U_50_day9_h16,U_50,9,16,2,0,2025-01-10 16:58:00,0,-1,
U_51_day9_h20,U_51,9,20,2,0,2025-01-10 20:20:00,1,31,2025-01-10 20:51:00
U_52_day9_h14,U_52,9,14,2,0,2025-01-10 14:33:00,0,-1,
U_53_day9_h9,U_53,9,9,2,0,2025-01-10 09:59:00,1,10,2025-01-10 10:09:00
U_54_day9_h12,U_54,9,12,2,0,2025-01-10 12:05:00,0,-1,
U_55_day9_h21,U_55,9,21,2,0,2025-01-10 21:44:00,0,-1,
U_56_day9_h18,U_56,9,18,2,0,2025-01-10 18:02:00,1,21,2025-01-10 18:23:00
U_57_day9_h23,U_57,9,23,2,0,2025-01-10 23:35:00,0,-1,
U_58_day9_h23,U_58,9,23,2,0,2025-01-10 23:27:00,0,-1,
U_59_day9_h13,U_59,9,13,2,0,2025-01-10 13:02:00,0,-1,
U_60_day9_h8,U_60,9,8,2,0,2025-01-10 08:07:00,1,61,2025-01-10 09:08:00
U_61_day9_h16,U_61,9,16,2,0,2025-01-10 16:29:00,0,-1,
U_62_day9_h9,U_62,9,9,2,0,2025-01-10 09:33:00,0,-1,
U_63_day9_h21,U_63,9,21,2,0,2025-01-10 21:22:00,0,-1,
U_64_day9_h19,U_64,9,19,2,0,2025-01-10 19:51:00,0,-1,
U_65_day9_h13,U_65,9,13,2,0,2025-01-10 13:45:00,0,-1,
U_66_day9_h20,U_66,9,20,2,0,2025-01-10 20:20:00,0,-1,
U_67_day9_h14,U_67,9,14,2,0,2025-01-10 14:55:00,0,-1,
U_68_day9_h17,U_68,9,17,2,0,2025-01-10 17:02:00,0,-1,
U_69_day9_h9,U_69,9,9,2,0,2025-01-10 09:02:00,0,-1,
U_70_day9_h7,U_70,9,7,2,0,2025-01-10 07:41:00,0,-1,
U_71_day9_h13,U_71,9,13,2,0,2025-01-10 13:13:00,1,12,2025-01-10 13:25:00
U_72_day9_h15,U_72,9,15,2,0,2025-01-10 15:18:00,0,-1,
U_73_day9_h10,U_73,9,10,2,0,2025-01-10 10:19:00,0,-1,
U_74_day9_h11,U_74,9,11,2,0,2025-01-10 11:19:00,1,5,2025-01-10 11:24:00
U_75_day9_h14,U_75,9,14,2,0,2025-01-10 14:59:00,0,-1,
U_76_day9_h18,U_76,9,18,2,0,2025-01-10 18:30:00,0,-1,
U_77_day9_h8,U_77,9,8,2,0,2025-01-10 08:44:00,1,6,2025-01-10 08:50:00
U_78_day9_h8,U_78,9,8,2,0,2025-01-10 08:03:00,1,11,2025-01-10 08:14:00
U_79_day9_h20,U_79,9,20,2,0,2025-01-10 20:08:00,0,-1,
U_80_day9_h8,U_80,9,8,2,0,2025-01-10 08:41:00,0,-1,
U_81_day9_h10,U_81,9,10,2,0,2025-01-10 10:50:00,0,-1,
U_82_day9_h19,U_82,9,19,2,0,2025-01-10 19:52:00,0,-1,
U_83_day9_h16,U_83,9,16,2,0,2025-01-10 16:59:00,0,-1,
U_84_day9_h21,U_84,9,21,2,0,2025-01-10 21:27:00,0,-1,
U_85_day9_h18,U_85,9,18,2,0,2025-01-10 18:17:00,0,-1,
U_86_day9_h17,U_86,9,17,2,0,2025-01-10 17:10:00,0,-1,
U_87_day9_h18,U_87,9,18,2,0,2025-01-10 18:26:00,0,-1,
U_88_day9_h10,U_88,9,10,2,0,2025-01-10 10:10:00,0,-1,
U_89_day9_h19,U_89,9,19,2,0,2025-01-10 19:14:00,1,11,2025-01-10 19:25:00
U_90_day9_h19,U_90,9,19,2,0,2025-01-10 19:15:00,0,-1,
U_91_day9_h15,U_91,9,15,2,0,2025-01-10 15:19:00,0,-1,
U_92_day9_h6,U_92,9,6,2,0,2025-01-10 06:40:00,1,34,2025-01-10 07:14:00
U_93_day9_h9,U_93,9,9,2,0,2025-01-10 09:23:00,0,-1,
U_94_day9_h17,U_94,9,17,2,0,2025-01-10 17:27:00,1,7,2025-01-10 17:34:00
U_95_day9_h14,U_95,9,14,2,0,2025-01-10 14:52:00,0,-1,
U_96_day9_h12,U_96,9,12,2,0,2025-01-10 12:26:00,0,-1,
U_97_day9_h9,U_97,9,9,2,0,2025-01-10 09:08:00,0,-1,
U_98_day9_h10,U_98,9,10,2,0,2025-01-10 10:30:00,1,68,2025-01-10 11:38:00
U_99_day9_h3,U_99,9,3,2,0,2025-01-10 03:04:00,0,-1,
U_100_day9_h22,U_100,9,22,2,0,2025-01-10 22:51:00,0,-1,
U_1_day10_h21,U_1,10,21,3,0,2025-01-11 21:17:00,0,-1,
U_2_day10_h5,U_2,10,5,3,0,2025-01-11 05:55:00,0,-1,
U_3_day10_h16,U_3,10,16,3,0,2025-01-11 16:27:00,0,-1,
U_4_day10_h18,U_4,10,18,3,0,2025-01-11 18:36:00,0,-1,
U_5_day10_h12,U_5,10,12,3,0,2025-01-11 12:09:00,1,22,2025-01-11 12:31:00
U_6_day10_h16,U_6,10,16,3,0,2025-01-11 16:51:00,0,-1,
U_7_day10_h17,U_7,10,17,3,0,2025-01-11 17:27:00,0,-1,
U_8_day10_h9,U_8,10,9,3,0,2025-01-11 09:06:00,0,-1,
U_9_day10_h7,U_9,10,7,3,0,2025-01-11 07:49:00,0,-1,
U_10_day10_h18,U_10,10,18,3,0,2025-01-11 18:58:00,0,-1,
U_11_day10_h20,U_11,10,20,3,0,2025-01-11 20:14:00,0,-1,
U_12_day10_h19,U_12,10,19,3,0,2025-01-11 19:04:00,0,-1,
U_13_day10_h17,U_13,10,17,3,0,2025-01-11 17:44:00,1,4,2025-01-11 17:48:00
U_14_day10_h17,U_14,10,17,3,0,2025-01-11 17:53:00,1,0,2025-01-11 17:53:00
U_15_day10_h17,U_15,10,17,3,0,2025-01-11 17:36:00,0,-1,
U_16_day10_h19,U_16,10,19,3,0,2025-01-11 19:03:00,1,3,2025-01-11 19:06:00
U_17_day10_h9,U_17,10,9,3,0,2025-01-11 09:17:00,0,-1,
U_18_day10_h5,U_18,10,5,3,0,2025-01-11 05:42:00,0,-1,
U_19_day10_h16,U_19,10,16,3,0,2025-01-11 16:47:00,0,-1,
U_20_day10_h14,U_20,10,14,3,0,2025-01-11 14:56:00,0,-1,
U_21_day10_h9,U_21,10,9,3,0,2025-01-11 09:48:00,0,-1,
U_22_day10_h12,U_22,10,12,3,0,2025-01-11 12:16:00,1,42,2025-01-11 12:58:00
U_23_day10_h9,U_23,10,9,3,0,2025-01-11 09:49:00,0,-1,
U_24_day10_h22,U_24,10,22,3,0,2025-01-11 22:35:00,0,-1,
U_25_day10_h1,U_25,10,1,3,0,2025-01-11 01:58:00,0,-1,
U_26_day10_h11,U_26,10,11,3,0,2025-01-11 11:59:00,1,1,2025-01-11 12:00:00
U_27_day10_h12,U_27,10,12,3,0,2025-01-11 12:56:00,0,-1,
U_28_day10_h11,U_28,10,11,3,0,2025-01-11 11:22:00,0,-1,
U_29_day10_h6,U_29,10,6,3,0,2025-01-11 06:53:00,0,-1,
U_30_day10_h9,U_30,10,9,3,0,2025-01-11 09:46:00,0,-1,
U_31_day10_h9,U_31,10,9,3,0,2025-01-11 09:32:00,0,-1,
U_32_day10_h20,U_32,10,20,3,0,2025-01-11 20:45:00,0,-1,
U_33_day10_h7,U_33,10,7,3,0,2025-01-11 07:54:00,1,2,2025-01-11 07:56:00
U_34_day10_h7,U_34,10,7,3,0,2025-01-11 07:58:00,1,33,2025-01-11 08:31:00
U_35_day10_h11,U_35,10,11,3,0,2025-01-11 11:58:00,0,-1,
U_36_day10_h19,U_36,10,19,3,0,2025-01-11 19:27:00,0,-1,
U_37_day10_h14,U_37,10,14,3,0,2025-01-11 14:45:00,0,-1,
U_38_day10_h17,U_38,10,17,3,0,2025-01-11 17:37:00,0,-1,
U_39_day10_h22,U_39,10,22,3,0,2025-01-11 22:38:00,0,-1,
U_40_day10_h12,U_40,10,12,3,0,2025-01-11 12:34:00,1,2,2025-01-11 12:36:00
U_41_day10_h9,U_41,10,9,3,0,2025-01-11 09:03:00,0,-1,
U_42_day10_h9,U_42,10,9,3,0,2025-01-11 09:40:00,1,3,2025-01-11 09:43:00
U_43_day10_h11,U_43,10,11,3,0,2025-01-11 11:14:00,0,-1,
U_44_day10_h18,U_44,10,18,3,0,2025-01-11 18:38:00,1,11,2025-01-11 18:49:00
U_45_day10_h7,U_45,10,7,3,0,2025-01-11 07:18:00,0,-1,
U_46_day10_h16,U_46,10,16,3,0,2025-01-11 16:35:00,1,5,2025-01-11 16:40:00
U_47_day10_h18,U_47,10,18,3,0,2025-01-11 18:58:00,1,78,2025-01-11 20:16:00
U_48_day10_h4,U_48,10,4,3,0,2025-01-11 04:10:00,0,-1,
U_49_day10_h21,U_49,10,21,3,0,2025-01-11 21:52:00,1,31,2025-01-11 22:23:00
U_50_day10_h9,U_50,10,9,3,0,2025-01-11 09:56:00,0,-1,
U_51_day10_h13,U_51,10,13,3,0,2025-01-11 13:14:00,0,-1,
U_52_day10_h13,U_52,10,13,3,0,2025-01-11 13:21:00,0,-1,
U_53_day10_h22,U_53,10,22,3,0,2025-01-11 22:43:00,0,-1,
U_54_day10_h17,U_54,10,17,3,0,2025-01-11 17:22:00,0,-1,
U_55_day10_h1,U_55,10,1,3,0,2025-01-11 01:07:00,0,-1,
U_56_day10_h14,U_56,10,14,3,0,2025-01-11 14:35:00,0,-1,
U_57_day10_h18,U_57,10,18,3,0,2025-01-11 18:25:00,1,2,2025-01-11 18:27:00
U_58_day10_h11,U_58,10,11,3,0,2025-01-11 11:04:00,1,15,2025-01-11 11:19:00
U_59_day10_h14,U_59,10,14,3,0,2025-01-11 14:30:00,0,-1,
U_60_day10_h23,U_60,10,23,3,0,2025-01-11 23:57:00,0,-1,
U_61_day10_h22,U_61,10,22,3,0,2025-01-11 22:45:00,1,8,2025-01-11 22:53:00
U_62_day10_h7,U_62,10,7,3,0,2025-01-11 07:03:00,0,-1,
U_63_day10_h16,U_63,10,16,3,0,2025-01-11 16:58:00,0,-1,
U_64_day10_h23,U_64,10,23,3,0,2025-01-11 23:21:00,0,-1,
U_65_day10_h17,U_65,10,17,3,0,2025-01-11 17:12:00,0,-1,
U_66_day10_h18,U_66,10,18,3,0,2025-01-11 18:25:00,1,42,2025-01-11 19:07:00
U_67_day10_h18,U_67,10,18,3,0,2025-01-11 18:02:00,0,-1,
U_68_day10_h7,U_68,10,7,3,0,2025-01-11 07:07:00,0,-1,
U_69_day10_h18,U_69,10,18,3,0,2025-01-11 18:18:00,0,-1,
U_70_day10_h17,U_70,10,17,3,0,2025-01-11 17:42:00,1,0,2025-01-11 17:42:00
U_71_day10_h6,U_71,10,6,3,0,2025-01-11 06:44:00,0,-1,
U_72_day10_h20,U_72,10,20,3,0,2025-01-11 20:31:00,1,70,2025-01-11 21:41:00
U_73_day10_h13,U_73,10,13,3,0,2025-01-11 13:56:00,1,0,2025-01-11 13:56:00
U_74_day10_h17,U_74,10,17,3,0,2025-01-11 17:30:00,0,-1,
U_75_day10_h12,U_75,10,12,3,0,2025-01-11 12:24:00,0,-1,
U_76_day10_h17,U_76,10,17,3,0,2025-01-11 17:49:00,0,-1,
U_77_day10_h18,U_77,10,18,3,0,2025-01-11 18:34:00,0,-1,
U_78_day10_h19,U_78,10,19,3,0,2025-01-11 19:48:00,1,74,2025-01-11 21:02:00
U_79_day10_h8,U_79,10,8,3,0,2025-01-11 08:27:00,0,-1,
U_80_day10_h22,U_80,10,22,3,0,2025-01-11 22:30:00,0,-1,
U_81_day10_h13,U_81,10,13,3,0,2025-01-11 13:51:00,0,-1,
U_82_day10_h7,U_82,10,7,3,0,2025-01-11 07:12:00,0,-1,
U_83_day10_h10,U_83,10,10,3,0,2025-01-11 10:52:00,0,-1,
U_84_day10_h20,U_84,10,20,3,0,2025-01-11 20:46:00,0,-1,
U_85_day10_h9,U_85,10,9,3,0,2025-01-11 09:29:00,0,-1,
U_86_day10_h16,U_86,10,16,3,0,2025-01-11 16:43:00,0,-1,
U_87_day10_h6,U_87,10,6,3,0,2025-01-11 06:30:00,0,-1,
U_88_day10_h9,U_88,10,9,3,0,2025-01-11 09:15:00,0,-1,
U_89_day10_h15,U_89,10,15,3,0,2025-01-11 15:07:00,0,-1,
U_90_day10_h7,U_90,10,7,3,0,2025-01-11 07:03:00,0,-1,
U_91_day10_h14,U_91,10,14,3,0,2025-01-11 14:25:00,0,-1,
U_92_day10_h19,U_92,10,19,3,0,2025-01-11 19:52:00,0,-1,
U_93_day10_h11,U_93,10,11,3,0,2025-01-11 11:01:00,0,-1,
U_94_day10_h22,U_94,10,22,3,0,2025-01-11 22:30:00,0,-1,
U_95_day10_h14,U_95,10,14,3,0,2025-01-11 14:43:00,0,-1,
U_96_day10_h8,U_96,10,8,3,0,2025-01-11 08:16:00,0,-1,
U_97_day10_h18,U_97,10,18,3,0,2025-01-11 18:25:00,0,-1,
U_98_day10_h11,U_98,10,11,3,0,2025-01-11 11:06:00,1,2,2025-01-11 11:08:00
U_99_day10_h8,U_99,10,8,3,0,2025-01-11 08:46:00,1,6,2025-01-11 08:52:00
U_100_day10_h0,U_100,10,0,3,0,2025-01-11 00:27:00,0,-1,
U_1_day11_h17,U_1,11,17,4,0,2025-01-12 17:49:00,0,-1,
U_2_day11_h9,U_2,11,9,4,0,2025-01-12 09:32:00,0,-1,
U_3_day11_h7,U_3,11,7,4,0,2025-01-12 07:32:00,0,-1,
U_4_day11_h21,U_4,11,21,4,0,2025-01-12 21:14:00,1,0,2025-01-12 21:14:00
U_5_day11_h10,U_5,11,10,4,0,2025-01-12 10:20:00,0,-1,
U_6_day11_h0,U_6,11,0,4,0,2025-01-12 00:02:00,1,3,2025-01-12 00:05:00
U_7_day11_h17,U_7,11,17,4,0,2025-01-12 17:00:00,0,-1,
U_8_day11_h13,U_8,11,13,4,0,2025-01-12 13:39:00,0,-1,
U_9_day11_h12,U_9,11,12,4,0,2025-01-12 12:52:00,1,2,2025-01-12 12:54:00
U_10_day11_h13,U_10,11,13,4,0,2025-01-12 13:09:00,0,-1,
U_11_day11_h19,U_11,11,19,4,0,2025-01-12 19:35:00,1,1,2025-01-12 19:36:00
U_12_day11_h22,U_12,11,22,4,0,2025-01-12 22:03:00,0,-1,
U_13_day11_h8,U_13,11,8,4,0,2025-01-12 08:53:00,1,17,2025-01-12 09:10:00
U_14_day11_h8,U_14,11,8,4,0,2025-01-12 08:39:00,0,-1,
U_15_day11_h16,U_15,11,16,4,0,2025-01-12 16:27:00,0,-1,
U_16_day11_h16,U_16,11,16,4,0,2025-01-12 16:20:00,1,60,2025-01-12 17:20:00
U_17_day11_h17,U_17,11,17,4,0,2025-01-12 17:32:00,0,-1,
U_18_day11_h20,U_18,11,20,4,0,2025-01-12 20:39:00,1,6,2025-01-12 20:45:00
U_19_day11_h22,U_19,11,22,4,0,2025-01-12 22:19:00,0,-1,
U_20_day11_h14,U_20,11,14,4,0,2025-01-12 14:16:00,0,-1,
U_21_day11_h7,U_21,11,7,4,0,2025-01-12 07:41:00,0,-1,
U_22_day11_h13,U_22,11,13,4,0,2025-01-12 13:00:00,1,9,2025-01-12 13:09:00
U_23_day11_h9,U_23,11,9,4,0,2025-01-12 09:02:00,0,-1,
U_24_day11_h9,U_24,11,9,4,0,2025-01-12 09:36:00,0,-1,
U_25_day11_h12,U_25,11,12,4,0,2025-01-12 12:01:00,0,-1,
U_26_day11_h22,U_26,11,22,4,0,2025-01-12 22:43:00,0,-1,
U_27_day11_h19,U_27,11,19,4,0,2025-01-12 19:53:00,1,2,2025-01-12 19:55:00
U_28_day11_h6,U_28,11,6,4,0,2025-01-12 06:48:00,0,-1,
U_29_day11_h9,U_29,11,9,4,0,2025-01-12 09:49:00,1,59,2025-01-12 10:48:00
U_30_day11_h19,U_30,11,19,4,0,2025-01-12 19:34:00,1,37,2025-01-12 20:11:00
U_31_day11_h23,U_31,11,23,4,0,2025-01-12 23:31:00,0,-1,
U_32_day11_h18,U_32,11,18,4,0,2025-01-12 18:01:00,0,-1,
U_33_day11_h8,U_33,11,8,4,0,2025-01-12 08:13:00,1,0,2025-01-12 08:13:00
U_34_day11_h9,U_34,11,9,4,0,2025-01-12 09:41:00,1,3,2025-01-12 09:44:00
U_35_day11_h13,U_35,11,13,4,0,2025-01-12 13:38:00,0,-1,
U_36_day11_h11,U_36,11,11,4,0,2025-01-12 11:54:00,1,0,2025-01-12 11:54:00
U_37_day11_h22,U_37,11,22,4,0,2025-01-12 22:54:00,0,-1,
U_38_day11_h10,U_38,11,10,4,0,2025-01-12 10:23:00,1,2,2025-01-12 10:25:00
U_39_day11_h1,U_39,11,1,4,0,2025-01-12 01:06:00,0,-1,
U_40_day11_h19,U_40,11,19,4,0,2025-01-12 19:04:00,0,-1,
U_41_day11_h20,U_41,11,20,4,0,2025-01-12 20:37:00,0,-1,
U_42_day11_h14,U_42,11,14,4,0,2025-01-12 14:53:00,0,-1,
U_43_day11_h11,U_43,11,11,4,0,2025-01-12 11:30:00,0,-1,
U_44_day11_h13,U_44,11,13,4,0,2025-01-12 13:19:00,1,2,2025-01-12 13:21:00
U_45_day11_h17,U_45,11,17,4,0,2025-01-12 17:38:00,0,-1,
U_46_day11_h14,U_46,11,14,4,0,2025-01-12 14:43:00,1,7,2025-01-12 14:50:00
U_47_day11_h15,U_47,11,15,4,0,2025-01-12 15:41:00,0,-1,
U_48_day11_h20,U_48,11,20,4,0,2025-01-12 20:34:00,0,-1,
U_49_day11_h20,U_49,11,20,4,0,2025-01-12 20:51:00,0,-1,
U_50_day11_h15,U_50,11,15,4,0,2025-01-12 15:25:00,1,149,2025-01-12 17:54:00
U_51_day11_h18,U_51,11,18,4,0,2025-01-12 18:45:00,1,58,2025-01-12 19:43:00
U_52_day11_h19,U_52,11,19,4,0,2025-01-12 19:15:00,0,-1,
U_53_day11_h16,U_53,11,16,4,0,2025-01-12 16:47:00,0,-1,
U_54_day11_h8,U_54,11,8,4,0,2025-01-12 08:47:00,0,-1,
U_55_day11_h18,U_55,11,18,4,0,2025-01-12 18:33:00,1,0,2025-01-12 18:33:00
U_56_day11_h16,U_56,11,16,4,0,2025-01-12 16:20:00,0,-1,
U_57_day11_h8,U_57,11,8,4,0,2025-01-12 08:58:00,0,-1,
U_58_day11_h10,U_58,11,10,4,0,2025-01-12 10:33:00,1,13,2025-01-12 10:46:00
U_59_day11_h17,U_59,11,17,4,0,2025-01-12 17:13:00,0,-1,
U_60_day11_h5,U_60,11,5,4,0,2025-01-12 05:06:00,0,-1,
U_61_day11_h12,U_61,11,12,4,0,2025-01-12 12:21:00,0,-1,
U_62_day11_h6,U_62,11,6,4,0,2025-01-12 06:00:00,0,-1,
U_63_day11_h15,U_63,11,15,4,0,2025-01-12 15:38:00,0,-1,
U_64_day11_h13,U_64,11,13,4,0,2025-01-12 13:55:00,0,-1,
U_65_day11_h19,U_65,11,19,4,0,2025-01-12 19:36:00,0,-1,
U_66_day11_h12,U_66,11,12,4,0,2025-01-12 12:10:00,0,-1,
U_67_day11_h9,U_67,11,9,4,0,2025-01-12 09:54:00,0,-1,
U_68_day11_h14,U_68,11,14,4,0,2025-01-12 14:38:00,0,-1,
U_69_day11_h17,U_69,11,17,4,0,2025-01-12 17:31:00,0,-1,
U_70_day11_h6,U_70,11,6,4,0,2025-01-12 06:09:00,0,-1,
U_71_day11_h14,U_71,11,14,4,0,2025-01-12 14:26:00,0,-1,
U_72_day11_h19,U_72,11,19,4,0,2025-01-12 19:36:00,1,2,2025-01-12 19:38:00
U_73_day11_h14,U_73,11,14,4,0,2025-01-12 14:19:00,1,24,2025-01-12 14:43:00
U_74_day11_h14,U_74,11,14,4,0,2025-01-12 14:25:00,0,-1,
U_75_day11_h23,U_75,11,23,4,0,2025-01-12 23:31:00,0,-1,
U_76_day11_h10,U_76,11,10,4,0,2025-01-12 10:22:00,0,-1,
U_77_day11_h19,U_77,11,19,4,0,2025-01-12 19:25:00,0,-1,
U_78_day11_h18,U_78,11,18,4,0,2025-01-12 18:43:00,1,1,2025-01-12 18:44:00
U_79_day11_h21,U_79,11,21,4,0,2025-01-12 21:12:00,0,-1,
U_80_day11_h12,U_80,11,12,4,0,2025-01-12 12:00:00,0,-1,
U_81_day11_h7,U_81,11,7,4,0,2025-01-12 07:16:00,0,-1,
U_82_day11_h9,U_82,11,9,4,0,2025-01-12 09:13:00,0,-1,
U_83_day11_h8,U_83,11,8,4,0,2025-01-12 08:04:00,0,-1,
U_84_day11_h9,U_84,11,9,4,0,2025-01-12 09:19:00,0,-1,
U_85_day11_h11,U_85,11,11,4,0,2025-01-12 11:48:00,0,-1,
U_86_day11_h10,U_86,11,10,4,0,2025-01-12 10:47:00,0,-1,
U_87_day11_h20,U_87,11,20,4,0,2025-01-12 20:38:00,0,-1,
U_88_day11_h22,U_88,11,22,4,0,2025-01-12 22:58:00,1,19,2025-01-12 23:17:00
U_89_day11_h16,U_89,11,16,4,0,2025-01-12 16:18:00,0,-1,
U_90_day11_h11,U_90,11,11,4,0,2025-01-12 11:45:00,1,37,2025-01-12 12:22:00
U_91_day11_h10,U_91,11,10,4,0,2025-01-12 10:28:00,0,-1,
U_92_day11_h16,U_92,11,16,4,0,2025-01-12 16:56:00,0,-1,
U_93_day11_h9,U_93,11,9,4,0,2025-01-12 09:58:00,0,-1,
U_94_day11_h13,U_94,11,13,4,0,2025-01-12 13:44:00,1,22,2025-01-12 14:06:00
U_95_day11_h18,U_95,11,18,4,0,2025-01-12 18:46:00,0,-1,
U_96_day11_h8,U_96,11,8,4,0,2025-01-12 08:13:00,1,4,2025-01-12 08:17:00
U_97_day11_h16,U_97,11,16,4,0,2025-01-12 16:27:00,0,-1,
U_98_day11_h13,U_98,11,13,4,0,2025-01-12 13:00:00,0,-1,
U_99_day11_h13,U_99,11,13,4,0,2025-01-12 13:02:00,0,-1,
U_100_day11_h0,U_100,11,0,4,0,2025-01-12 00:06:00,0,-1,
U_1_day12_h20,U_1,12,20,5,1,2025-01-13 20:11:00,0,-1,
U_2_day12_h20,U_2,12,20,5,1,2025-01-13 20:56:00,0,-1,
U_3_day12_h20,U_3,12,20,5,1,2025-01-13 20:14:00,1,96,2025-01-13 21:50:00
U_4_day12_h13,U_4,12,13,5,1,2025-01-13 13:37:00,0,-1,
U_5_day12_h14,U_5,12,14,5,1,2025-01-13 14:28:00,0,-1,
U_6_day12_h9,U_6,12,9,5,1,2025-01-13 09:44:00,0,-1,
U_7_day12_h10,U_7,12,10,5,1,2025-01-13 10:19:00,0,-1,
U_8_day12_h17,U_8,12,17,5,1,2025-01-13 17:11:00,0,-1,
U_9_day12_h21,U_9,12,21,5,1,2025-01-13 21:52:00,0,-1,
U_10_day12_h9,U_10,12,9,5,1,2025-01-13 09:48:00,0,-1,
U_11_day12_h12,U_11,12,12,5,1,2025-01-13 12:40:00,0,-1,
U_12_day12_h22,U_12,12,22,5,1,2025-01-13 22:04:00,0,-1,
U_13_day12_h10,U_13,12,10,5,1,2025-01-13 10:35:00,0,-1,
U_14_day12_h11,U_14,12,11,5,1,2025-01-13 11:26:00,0,-1,
U_15_day12_h23,U_15,12,23,5,1,2025-01-13 23:27:00,0,-1,
U_16_day12_h22,U_16,12,22,5,1,2025-01-13 22:51:00,1,2,2025-01-13 22:53:00
U_17_day12_h18,U_17,12,18,5,1,2025-01-13 18:46:00,0,-1,
U_18_day12_h20,U_18,12,20,5,1,2025-01-13 20:46:00,1,6,2025-01-13 20:52:00
U_19_day12_h0,U_19,12,0,5,1,2025-01-13 00:17:00,0,-1,
U_20_day12_h12,U_20,12,12,5,1,2025-01-13 12:40:00,0,-1,
U_21_day12_h22,U_21,12,22,5,1,2025-01-13 22:05:00,0,-1,
U_22_day12_h21,U_22,12,21,5,1,2025-01-13 21:24:00,0,-1,
U_23_day12_h9,U_23,12,9,5,1,2025-01-13 09:55:00,0,-1,
U_24_day12_h9,U_24,12,9,5,1,2025-01-13 09:44:00,0,-1,
U_25_day12_h13,U_25,12,13,5,1,2025-01-13 13:28:00,1,1,2025-01-13 13:29:00
U_26_day12_h5,U_26,12,5,5,1,2025-01-13 05:44:00,0,-1,
U_27_day12_h20,U_27,12,20,5,1,2025-01-13 20:00:00,0,-1,
U_28_day12_h13,U_28,12,13,5,1,2025-01-13 13:11:00,0,-1,
U_29_day12_h18,U_29,12,18,5,1,2025-01-13 18:05:00,0,-1,
U_30_day12_h22,U_30,12,22,5,1,2025-01-13 22:05:00,1,7,2025-01-13 22:12:00
U_31_day12_h13,U_31,12,13,5,1,2025-01-13 13:50:00,0,-1,
U_32_day12_h9,U_32,12,9,5,1,2025-01-13 09:01:00,1,4,2025-01-13 09:05:00
U_33_day12_h18,U_33,12,18,5,1,2025-01-13 18:44:00,0,-1,
U_34_day12_h19,U_34,12,19,5,1,2025-01-13 19:09:00,0,-1,
U_35_day12_h14,U_35,12,14,5,1,2025-01-13 14:20:00,1,7,2025-01-13 14:27:00
U_36_day12_h17,U_36,12,17,5,1,2025-01-13 17:03:00,0,-1,
U_37_day12_h20,U_37,12,20,5,1,2025-01-13 20:29:00,0,-1,
U_38_day12_h17,U_38,12,17,5,1,2025-01-13 17:54:00,0,-1,
U_39_day12_h11,U_39,12,11,5,1,2025-01-13 11:45:00,0,-1,
U_40_day12_h18,U_40,12,18,5,1,2025-01-13 18:37:00,0,-1,
U_41_day12_h18,U_41,12,18,5,1,2025-01-13 18:40:00,1,2,2025-01-13 18:42:00
U_42_day12_h15,U_42,12,15,5,1,2025-01-13 15:31:00,0,-1,
U_43_day12_h13,U_43,12,13,5,1,2025-01-13 13:36:00,0,-1,
U_44_day12_h14,U_44,12,14,5,1,2025-01-13 14:29:00,0,-1,
U_45_day12_h0,U_45,12,0,5,1,2025-01-13 00:42:00,0,-1,
U_46_day12_h21,U_46,12,21,5,1,2025-01-13 21:03:00,1,2,2025-01-13 21:05:00
U_47_day12_h19,U_47,12,19,5,1,2025-01-13 19:18:00,1,8,2025-01-13 19:26:00
U_48_day12_h17,U_48,12,17,5,1,2025-01-13 17:08:00,0,-1,
U_49_day12_h13,U_49,12,13,5,1,2025-01-13 13:16:00,0,-1,
U_50_day12_h16,U_50,12,16,5,1,2025-01-13 16:35:00,0,-1,
U_51_day12_h12,U_51,12,12,5,1,2025-01-13 12:57:00,0,-1,
U_52_day12_h14,U_52,12,14,5,1,2025-01-13 14:01:00,1,2,2025-01-13 14:03:00
U_53_day12_h10,U_53,12,10,5,1,2025-01-13 10:16:00,0,-1,
U_54_day12_h8,U_54,12,8,5,1,2025-01-13 08:24:00,1,10,2025-01-13 08:34:00
U_55_day12_h9,U_55,12,9,5,1,2025-01-13 09:45:00,0,-1,
U_56_day12_h17,U_56,12,17,5,1,2025-01-13 17:38:00,1,11,2025-01-13 17:49:00
U_57_day12_h21,U_57,12,21,5,1,2025-01-13 21:50:00,1,1,2025-01-13 21:51:00
U_58_day12_h18,U_58,12,18,5,1,2025-01-13 18:11:00,1,1,2025-01-13 18:12:00
U_59_day12_h17,U_59,12,17,5,1,2025-01-13 17:45:00,1,13,2025-01-13 17:58:00
U_60_day12_h11,U_60,12,11,5,1,2025-01-13 11:37:00,1,20,2025-01-13 11:57:00
U_61_day12_h19,U_61,12,19,5,1,2025-01-13 19:52:00,1,33,2025-01-13 20:25:00
U_62_day12_h0,U_62,12,0,5,1,2025-01-13 00:39:00,0,-1,
U_63_day12_h13,U_63,12,13,5,1,2025-01-13 13:00:00,0,-1,
U_64_day12_h19,U_64,12,19,5,1,2025-01-13 19:38:00,0,-1,
U_65_day12_h7,U_65,12,7,5,1,2025-01-13 07:55:00,1,5,2025-01-13 08:00:00
U_66_day12_h11,U_66,12,11,5,1,2025-01-13 11:42:00,0,-1,
U_67_day12_h20,U_67,12,20,5,1,2025-01-13 20:55:00,1,11,2025-01-13 21:06:00
U_68_day12_h11,U_68,12,11,5,1,2025-01-13 11:47:00,0,-1,
U_69_day12_h11,U_69,12,11,5,1,2025-01-13 11:01:00,1,20,2025-01-13 11:21:00
U_70_day12_h10,U_70,12,10,5,1,2025-01-13 10:25:00,0,-1,
U_71_day12_h6,U_71,12,6,5,1,2025-01-13 06:22:00,0,-1,
U_72_day12_h12,U_72,12,12,5,1,2025-01-13 12:39:00,0,-1,
U_73_day12_h8,U_73,12,8,5,1,2025-01-13 08:36:00,0,-1,
U_74_day12_h12,U_74,12,12,5,1,2025-01-13 12:30:00,0,-1,
U_75_day12_h21,U_75,12,21,5,1,2025-01-13 21:00:00,0,-1,
U_76_day12_h21,U_76,12,21,5,1,2025-01-13 21:43:00,0,-1,
U_77_day12_h20,U_77,12,20,5,1,2025-01-13 20:24:00,0,-1,
U_78_day12_h13,U_78,12,13,5,1,2025-01-13 13:18:00,1,52,2025-01-13 14:10:00
U_79_day12_h14,U_79,12,14,5,1,2025-01-13 14:26:00,0,-1,
U_80_day12_h15,U_80,12,15,5,1,2025-01-13 15:59:00,1,7,2025-01-13 16:06:00
U_81_day12_h23,U_81,12,23,5,1,2025-01-13 23:47:00,1,1,2025-01-13 23:48:00
U_82_day12_h9,U_82,12,9,5,1,2025-01-13 09:38:00,1,19,2025-01-13 09:57:00
U_83_day12_h18,U_83,12,18,5,1,2025-01-13 18:24:00,1,5,2025-01-13 18:29:00
U_84_day12_h15,U_84,12,15,5,1,2025-01-13 15:06:00,0,-1,
U_85_day12_h10,U_85,12,10,5,1,2025-01-13 10:11:00,0,-1,
U_86_day12_h7,U_86,12,7,5,1,2025-01-13 07:00:00,1,2,2025-01-13 07:02:00
U_87_day12_h17,U_87,12,17,5,1,2025-01-13 17:38:00,1,6,2025-01-13 17:44:00
U_88_day12_h10,U_88,12,10,5,1,2025-01-13 10:55:00,0,-1,
U_89_day12_h0,U_89,12,0,5,1,2025-01-13 00:31:00,0,-1,
U_90_day12_h8,U_90,12,8,5,1,2025-01-13 08:50:00,1,0,2025-01-13 08:50:00
U_91_day12_h22,U_91,12,22,5,1,2025-01-13 22:37:00,0,-1,
U_92_day12_h9,U_92,12,9,5,1,2025-01-13 09:14:00,0,-1,
U_93_day12_h18,U_93,12,18,5,1,2025-01-13 18:49:00,0,-1,
U_94_day12_h23,U_94,12,23,5,1,2025-01-13 23:53:00,0,-1,
U_95_day12_h10,U_95,12,10,5,1,2025-01-13 10:20:00,0,-1,
U_96_day12_h17,U_96,12,17,5,1,2025-01-13 17:23:00,0,-1,
U_97_day12_h21,U_97,12,21,5,1,2025-01-13 21:25:00,0,-1,
U_98_day12_h12,U_98,12,12,5,1,2025-01-13 12:54:00,1,40,2025-01-13 13:34:00
U_99_day12_h15,U_99,12,15,5,1,2025-01-13 15:29:00,0,-1,
U_100_day12_h6,U_100,12,6,5,1,2025-01-13 06:40:00,0,-1,
U_1_day13_h23,U_1,13,23,6,1,2025-01-14 23:35:00,0,-1,
U_2_day13_h19,U_2,13,19,6,1,2025-01-14 19:38:00,0,-1,
U_3_day13_h21,U_3,13,21,6,1,2025-01-14 21:30:00,0,-1,
U_4_day13_h1,U_4,13,1,6,1,2025-01-14 01:37:00,0,-1,
U_5_day13_h18,U_5,13,18,6,1,2025-01-14 18:29:00,1,5,2025-01-14 18:34:00
U_6_day13_h14,U_6,13,14,6,1,2025-01-14 14:19:00,0,-1,
U_7_day13_h0,U_7,13,0,6,1,2025-01-14 00:56:00,0,-1,
U_8_day13_h19,U_8,13,19,6,1,2025-01-14 19:37:00,1,19,2025-01-14 19:56:00
U_9_day13_h7,U_9,13,7,6,1,2025-01-14 07:24:00,0,-1,
U_10_day13_h13,U_10,13,13,6,1,2025-01-14 13:13:00,0,-1,
U_11_day13_h11,U_11,13,11,6,1,2025-01-14 11:43:00,1,2,2025-01-14 11:45:00
U_12_day13_h8,U_12,13,8,6,1,2025-01-14 08:45:00,1,15,2025-01-14 09:00:00
U_13_day13_h20,U_13,13,20,6,1,2025-01-14 20:52:00,0,-1,
U_14_day13_h6,U_14,13,6,6,1,2025-01-14 06:48:00,0,-1,
U_15_day13_h18,U_15,13,18,6,1,2025-01-14 18:13:00,0,-1,
U_16_day13_h0,U_16,13,0,6,1,2025-01-14 00:41:00,1,9,2025-01-14 00:50:00
U_17_day13_h9,U_17,13,9,6,1,2025-01-14 09:23:00,0,-1,
U_18_day13_h9,U_18,13,9,6,1,2025-01-14 09:16:00,0,-1,
U_19_day13_h20,U_19,13,20,6,1,2025-01-14 20:30:00,0,-1,
U_20_day13_h6,U_20,13,6,6,1,2025-01-14 06:05:00,0,-1,
U_21_day13_h9,U_21,13,9,6,1,2025-01-14 09:04:00,0,-1,
U_22_day13_h10,U_22,13,10,6,1,2025-01-14 10:47:00,1,14,2025-01-14 11:01:00
U_23_day13_h17,U_23,13,17,6,1,2025-01-14 17:18:00,0,-1,
U_24_day13_h9,U_24,13,9,6,1,2025-01-14 09:34:00,0,-1,
U_25_day13_h18,U_25,13,18,6,1,2025-01-14 18:26:00,1,21,2025-01-14 18:47:00
U_26_day13_h13,U_26,13,13,6,1,2025-01-14 13:59:00,1,9,2025-01-14 14:08:00
U_27_day13_h9,U_27,13,9,6,1,2025-01-14 09:36:00,0,-1,
U_28_day13_h17,U_28,13,17,6,1,2025-01-14 17:46:00,1,2,2025-01-14 17:48:00
U_29_day13_h22,U_29,13,22,6,1,2025-01-14 22:17:00,0,-1,
U_30_day13_h10,U_30,13,10,6,1,2025-01-14 10:56:00,0,-1,
U_31_day13_h12,U_31,13,12,6,1,2025-01-14 12:39:00,0,-1,
U_32_day13_h8,U_32,13,8,6,1,2025-01-14 08:21:00,0,-1,
U_33_day13_h23,U_33,13,23,6,1,2025-01-14 23:36:00,0,-1,
U_34_day13_h19,U_34,13,19,6,1,2025-01-14 19:06:00,0,-1,
U_35_day13_h6,U_35,13,6,6,1,2025-01-14 06:32:00,0,-1,
U_36_day13_h20,U_36,13,20,6,1,2025-01-14 20:22:00,0,-1,
U_37_day13_h20,U_37,13,20,6,1,2025-01-14 20:07:00,0,-1,
U_38_day13_h23,U_38,13,23,6,1,2025-01-14 23:13:00,0,-1,
U_39_day13_h11,U_39,13,11,6,1,2025-01-14 11:14:00,0,-1,
U_40_day13_h20,U_40,13,20,6,1,2025-01-14 20:44:00,0,-1,
U_41_day13_h12,U_41,13,12,6,1,2025-01-14 12:44:00,0,-1,
U_42_day13_h8,U_42,13,8,6,1,2025-01-14 08:43:00,0,-1,
U_43_day13_h12,U_43,13,12,6,1,2025-01-14 12:29:00,0,-1,
U_44_day13_h17,U_44,13,17,6,1,2025-01-14 17:10:00,0,-1,
U_45_day13_h14,U_45,13,14,6,1,2025-01-14 14:44:00,0,-1,
U_46_day13_h22,U_46,13,22,6,1,2025-01-14 22:49:00,1,14,2025-01-14 23:03:00
U_47_day13_h8,U_47,13,8,6,1,2025-01-14 08:30:00,0,-1,
U_48_day13_h12,U_48,13,12,6,1,2025-01-14 12:37:00,0,-1,
U_49_day13_h16,U_49,13,16,6,1,2025-01-14 16:39:00,0,-1,
U_50_day13_h8,U_50,13,8,6,1,2025-01-14 08:58:00,1,4,2025-01-14 09:02:00
U_51_day13_h11,U_51,13,11,6,1,2025-01-14 11:24:00,0,-1,
U_52_day13_h20,U_52,13,20,6,1,2025-01-14 20:54:00,1,7,2025-01-14 21:01:00
U_53_day13_h21,U_53,13,21,6,1,2025-01-14 21:46:00,0,-1,
U_54_day13_h21,U_54,13,21,6,1,2025-01-14 21:59:00,0,-1,
U_55_day13_h8,U_55,13,8,6,1,2025-01-14 08:05:00,1,33,2025-01-14 08:38:00
U_56_day13_h21,U_56,13,21,6,1,2025-01-14 21:02:00,1,5,2025-01-14 21:07:00
U_57_day13_h8,U_57,13,8,6,1,2025-01-14 08:01:00,0,-1,
U_58_day13_h17,U_58,13,17,6,1,2025-01-14 17:45:00,1,3,2025-01-14 17:48:00
U_59_day13_h11,U_59,13,11,6,1,2025-01-14 11:41:00,0,-1,
U_60_day13_h15,U_60,13,15,6,1,2025-01-14 15:53:00,0,-1,
U_61_day13_h10,U_61,13,10,6,1,2025-01-14 10:02:00,1,24,2025-01-14 10:26:00
U_62_day13_h18,U_62,13,18,6,1,2025-01-14 18:26:00,0,-1,
U_63_day13_h12,U_63,13,12,6,1,2025-01-14 12:15:00,0,-1,
U_64_day13_h18,U_64,13,18,6,1,2025-01-14 18:22:00,0,-1,
U_65_day13_h17,U_65,13,17,6,1,2025-01-14 17:05:00,0,-1,
U_66_day13_h9,U_66,13,9,6,1,2025-01-14 09:00:00,0,-1,
U_67_day13_h20,U_67,13,20,6,1,2025-01-14 20:41:00,0,-1,
U_68_day13_h19,U_68,13,19,6,1,2025-01-14 19:41:00,0,-1,
U_69_day13_h12,U_69,13,12,6,1,2025-01-14 12:53:00,0,-1,
U_70_day13_h12,U_70,13,12,6,1,2025-01-14 12:42:00,0,-1,
U_71_day13_h18,U_71,13,18,6,1,2025-01-14 18:12:00,0,-1,
U_72_day13_h9,U_72,13,9,6,1,2025-01-14 09:05:00,0,-1,
U_73_day13_h9,U_73,13,9,6,1,2025-01-14 09:30:00,1,11,2025-01-14 09:41:00
U_74_day13_h18,U_74,13,18,6,1,2025-01-14 18:53:00,0,-1,
U_75_day13_h10,U_75,13,10,6,1,2025-01-14 10:45:00,0,-1,
U_76_day13_h13,U_76,13,13,6,1,2025-01-14 13:27:00,0,-1,
U_77_day13_h10,U_77,13,10,6,1,2025-01-14 10:05:00,1,88,2025-01-14 11:33:00
U_78_day13_h7,U_78,13,7,6,1,2025-01-14 07:45:00,0,-1,
U_79_day13_h18,U_79,13,18,6,1,2025-01-14 18:45:00,0,-1,
U_80_day13_h20,U_80,13,20,6,1,2025-01-14 20:03:00,0,-1,
U_81_day13_h16,U_81,13,16,6,1,2025-01-14 16:13:00,0,-1,
U_82_day13_h12,U_82,13,12,6,1,2025-01-14 12:47:00,1,37,2025-01-14 13:24:00
U_83_day13_h21,U_83,13,21,6,1,2025-01-14 21:56:00,1,0,2025-01-14 21:56:00
U_84_day13_h22,U_84,13,22,6,1,2025-01-14 22:20:00,0,-1,
U_85_day13_h4,U_85,13,4,6,1,2025-01-14 04:10:00,0,-1,
U_86_day13_h13,U_86,13,13,6,1,2025-01-14 13:01:00,1,21,2025-01-14 13:22:00
U_87_day13_h10,U_87,13,10,6,1,2025-01-14 10:36:00,0,-1,
U_88_day13_h21,U_88,13,21,6,1,2025-01-14 21:05:00,1,10,2025-01-14 21:15:00
U_89_day13_h9,U_89,13,9,6,1,2025-01-14 09:07:00,0,-1,
U_90_day13_h18,U_90,13,18,6,1,2025-01-14 18:15:00,0,-1,
U_91_day13_h15,U_91,13,15,6,1,2025-01-14 15:24:00,0,-1,
U_92_day13_h19,U_92,13,19,6,1,2025-01-14 19:21:00,0,-1,
U_93_day13_h8,U_93,13,8,6,1,2025-01-14 08:13:00,0,-1,
U_94_day13_h9,U_94,13,9,6,1,2025-01-14 09:12:00,1,3,2025-01-14 09:15:00
U_95_day13_h23,U_95,13,23,6,1,2025-01-14 23:40:00,1,32,2025-01-15 00:12:00
U_96_day13_h22,U_96,13,22,6,1,2025-01-14 22:07:00,0,-1,
U_97_day13_h12,U_97,13,12,6,1,2025-01-14 12:28:00,0,-1,
U_98_day13_h13,U_98,13,13,6,1,2025-01-14 13:16:00,0,-1,
U_99_day13_h9,U_99,13,9,6,1,2025-01-14 09:26:00,1,5,2025-01-14 09:31:00
U_100_day13_h22,U_100,13,22,6,1,2025-01-14 22:58:00,0,-1,
U_1_day14_h9,U_1,14,9,0,0,2025-01-15 09:16:00,0,-1,
U_2_day14_h13,U_2,14,13,0,0,2025-01-15 13:30:00,0,-1,
U_3_day14_h17,U_3,14,17,0,0,2025-01-15 17:13:00,0,-1,
U_4_day14_h20,U_4,14,20,0,0,2025-01-15 20:45:00,0,-1,
U_5_day14_h20,U_5,14,20,0,0,2025-01-15 20:40:00,1,2,2025-01-15 20:42:00
U_6_day14_h17,U_6,14,17,0,0,2025-01-15 17:02:00,1,105,2025-01-15 18:47:00
U_7_day14_h7,U_7,14,7,0,0,2025-01-15 07:46:00,0,-1,
U_8_day14_h21,U_8,14,21,0,0,2025-01-15 21:55:00,1,0,2025-01-15 21:55:00
U_9_day14_h10,U_9,14,10,0,0,2025-01-15 10:50:00,1,0,2025-01-15 10:50:00
U_10_day14_h7,U_10,14,7,0,0,2025-01-15 07:16:00,0,-1,
U_11_day14_h8,U_11,14,8,0,0,2025-01-15 08:17:00,1,11,2025-01-15 08:28:00
U_12_day14_h9,U_12,14,9,0,0,2025-01-15 09:28:00,0,-1,
U_13_day14_h18,U_13,14,18,0,0,2025-01-15 18:50:00,1,19,2025-01-15 19:09:00
U_14_day14_h14,U_14,14,14,0,0,2025-01-15 14:53:00,0,-1,
U_15_day14_h14,U_15,14,14,0,0,2025-01-15 14:29:00,0,-1,
U_16_day14_h19,U_16,14,19,0,0,2025-01-15 19:03:00,1,1,2025-01-15 19:04:00
U_17_day14_h2,U_17,14,2,0,0,2025-01-15 02:53:00,0,-1,
U_18_day14_h6,U_18,14,6,0,0,2025-01-15 06:10:00,0,-1,
U_19_day14_h20,U_19,14,20,0,0,2025-01-15 20:30:00,0,-1,
U_20_day14_h17,U_20,14,17,0,0,2025-01-15 17:11:00,1,0,2025-01-15 17:11:00
U_21_day14_h22,U_21,14,22,0,0,2025-01-15 22:38:00,0,-1,
U_22_day14_h3,U_22,14,3,0,0,2025-01-15 03:42:00,0,-1,
U_23_day14_h17,U_23,14,17,0,0,2025-01-15 17:04:00,1,9,2025-01-15 17:13:00
U_24_day14_h18,U_24,14,18,0,0,2025-01-15 18:07:00,0,-1,
U_25_day14_h12,U_25,14,12,0,0,2025-01-15 12:24:00,0,-1,
U_26_day14_h9,U_26,14,9,0,0,2025-01-15 09:22:00,1,21,2025-01-15 09:43:00
U_27_day14_h15,U_27,14,15,0,0,2025-01-15 15:54:00,1,11,2025-01-15 16:05:00
U_28_day14_h22,U_28,14,22,0,0,2025-01-15 22:09:00,1,18,2025-01-15 22:27:00
U_29_day14_h17,U_29,14,17,0,0,2025-01-15 17:07:00,0,-1,
U_30_day14_h6,U_30,14,6,0,0,2025-01-15 06:38:00,0,-1,
U_31_day14_h16,U_31,14,16,0,0,2025-01-15 16:41:00,0,-1,
U_32_day14_h18,U_32,14,18,0,0,2025-01-15 18:05:00,0,-1,
U_33_day14_h18,U_33,14,18,0,0,2025-01-15 18:15:00,0,-1,
U_34_day14_h10,U_34,14,10,0,0,2025-01-15 10:55:00,0,-1,
U_35_day14_h14,U_35,14,14,0,0,2025-01-15 14:22:00,0,-1,
U_36_day14_h9,U_36,14,9,0,0,2025-01-15 09:17:00,1,0,2025-01-15 09:17:00
U_37_day14_h18,U_37,14,18,0,0,2025-01-15 18:41:00,1,6,2025-01-15 18:47:00
U_38_day14_h20,U_38,14,20,0,0,2025-01-15 20:27:00,0,-1,
U_39_day14_h9,U_39,14,9,0,0,2025-01-15 09:30:00,0,-1,
U_40_day14_h9,U_40,14,9,0,0,2025-01-15 09:21:00,1,4,2025-01-15 09:25:00
U_41_day14_h20,U_41,14,20,0,0,2025-01-15 20:30:00,0,-1,
U_42_day14_h13,U_42,14,13,0,0,2025-01-15 13:31:00,0,-1,
U_43_day14_h10,U_43,14,10,0,0,2025-01-15 10:24:00,0,-1,
U_44_day14_h19,U_44,14,19,0,0,2025-01-15 19:42:00,1,34,2025-01-15 20:16:00
U_45_day14_h6,U_45,14,6,0,0,2025-01-15 06:20:00,0,-1,
U_46_day14_h12,U_46,14,12,0,0,2025-01-15 12:02:00,0,-1,
U_47_day14_h23,U_47,14,23,0,0,2025-01-15 23:06:00,0,-1,
U_48_day14_h10,U_48,14,10,0,0,2025-01-15 10:35:00,0,-1,
U_49_day14_h17,U_49,14,17,0,0,2025-01-15 17:02:00,0,-1,
U_50_day14_h0,U_50,14,0,0,0,2025-01-15 00:04:00,0,-1,
U_51_day14_h19,U_51,14,19,0,0,2025-01-15 19:51:00,0,-1,
U_52_day14_h11,U_52,14,11,0,0,2025-01-15 11:01:00,0,-1,
U_53_day14_h15,U_53,14,15,0,0,2025-01-15 15:39:00,0,-1,
U_54_day14_h16,U_54,14,16,0,0,2025-01-15 16:25:00,0,-1,
U_55_day14_h16,U_55,14,16,0,0,2025-01-15 16:29:00,0,-1,
U_56_day14_h20,U_56,14,20,0,0,2025-01-15 20:28:00,0,-1,
U_57_day14_h7,U_57,14,7,0,0,2025-01-15 07:55:00,0,-1,
U_58_day14_h12,U_58,14,12,0,0,2025-01-15 12:51:00,1,8,2025-01-15 12:59:00
U_59_day14_h9,U_59,14,9,0,0,2025-01-15 09:58:00,0,-1,
U_60_day14_h9,U_60,14,9,0,0,2025-01-15 09:37:00,0,-1,
U_61_day14_h10,U_61,14,10,0,0,2025-01-15 10:27:00,0,-1,
U_62_day14_h13,U_62,14,13,0,0,2025-01-15 13:22:00,0,-1,
U_63_day14_h7,U_63,14,7,0,0,2025-01-15 07:26:00,0,-1,
U_64_day14_h11,U_64,14,11,0,0,2025-01-15 11:00:00,0,-1,
U_65_day14_h16,U_65,14,16,0,0,2025-01-15 16:34:00,0,-1,
U_66_day14_h15,U_66,14,15,0,0,2025-01-15 15:26:00,1,3,2025-01-15 15:29:00
U_67_day14_h19,U_67,14,19,0,0,2025-01-15 19:27:00,0,-1,
U_68_day14_h11,U_68,14,11,0,0,2025-01-15 11:47:00,0,-1,
U_69_day14_h18,U_69,14,18,0,0,2025-01-15 18:22:00,0,-1,
U_70_day14_h13,U_70,14,13,0,0,2025-01-15 13:03:00,0,-1,
U_71_day14_h19,U_71,14,19,0,0,2025-01-15 19:16:00,0,-1,
U_72_day14_h14,U_72,14,14,0,0,2025-01-15 14:17:00,0,-1,
U_73_day14_h20,U_73,14,20,0,0,2025-01-15 20:36:00,1,2,2025-01-15 20:38:00
U_74_day14_h9,U_74,14,9,0,0,2025-01-15 09:24:00,0,-1,
U_75_day14_h14,U_75,14,14,0,0,2025-01-15 14:41:00,0,-1,
U_76_day14_h21,U_76,14,21,0,0,2025-01-15 21:20:00,0,-1,
U_77_day14_h7,U_77,14,7,0,0,2025-01-15 07:44:00,0,-1,
U_78_day14_h15,U_78,14,15,0,0,2025-01-15 15:28:00,1,26,2025-01-15 15:54:00
U_79_day14_h21,U_79,14,21,0,0,2025-01-15 21:51:00,0,-1,
U_80_day14_h19,U_80,14,19,0,0,2025-01-15 19:02:00,1,0,2025-01-15 19:02:00
U_81_day14_h13,U_81,14,13,0,0,2025-01-15 13:58:00,0,-1,
U_82_day14_h11,U_82,14,11,0,0,2025-01-15 11:01:00,1,4,2025-01-15 11:05:00
U_83_day14_h11,U_83,14,11,0,0,2025-01-15 11:14:00,0,-1,
U_84_day14_h22,U_84,14,22,0,0,2025-01-15 22:13:00,0,-1,
U_85_day14_h20,U_85,14,20,0,0,2025-01-15 20:22:00,1,2,2025-01-15 20:24:00
U_86_day14_h19,U_86,14,19,0,0,2025-01-15 19:44:00,0,-1,
U_87_day14_h19,U_87,14,19,0,0,2025-01-15 19:14:00,0,-1,
U_88_day14_h10,U_88,14,10,0,0,2025-01-15 10:00:00,0,-1,
U_89_day14_h13,U_89,14,13,0,0,2025-01-15 13:54:00,0,-1,
U_90_day14_h11,U_90,14,11,0,0,2025-01-15 11:03:00,0,-1,
U_91_day14_h21,U_91,14,21,0,0,2025-01-15 21:13:00,0,-1,
U_92_day14_h21,U_92,14,21,0,0,2025-01-15 21:21:00,0,-1,
U_93_day14_h17,U_93,14,17,0,0,2025-01-15 17:50:00,0,-1,
U_94_day14_h20,U_94,14,20,0,0,2025-01-15 20:09:00,0,-1,
U_95_day14_h12,U_95,14,12,0,0,2025-01-15 12:34:00,0,-1,
U_96_day14_h20,U_96,14,20,0,0,2025-01-15 20:48:00,0,-1,
U_97_day14_h9,U_97,14,9,0,0,2025-01-15 09:10:00,1,3,2025-01-15 09:13:00
U_98_day14_h14,U_98,14,14,0,0,2025-01-15 14:29:00,0,-1,
U_99_day14_h9,U_99,14,9,0,0,2025-01-15 09:38:00,1,6,2025-01-15 09:44:00
U_100_day14_h15,U_100,14,15,0,0,2025-01-15 15:45:00,0,-1,
U_1_day15_h23,U_1,15,23,1,0,2025-01-16 23:38:00,1,4,2025-01-16 23:42:00
U_2_day15_h12,U_2,15,12,1,0,2025-01-16 12:07:00,0,-1,
U_3_day15_h16,U_3,15,16,1,0,2025-01-16 16:29:00,0,-1,
U_4_day15_h11,U_4,15,11,1,0,2025-01-16 11:58:00,0,-1,
U_5_day15_h18,U_5,15,18,1,0,2025-01-16 18:05:00,0,-1,
U_6_day15_h18,U_6,15,18,1,0,2025-01-16 18:30:00,0,-1,
U_7_day15_h16,U_7,15,16,1,0,2025-01-16 16:09:00,1,7,2025-01-16 16:16:00
U_8_day15_h19,U_8,15,19,1,0,2025-01-16 19:15:00,1,21,2025-01-16 19:36:00
U_9_day15_h0,U_9,15,0,1,0,2025-01-16 00:35:00,0,-1,
U_10_day15_h19,U_10,15,19,1,0,2025-01-16 19:26:00,0,-1,
U_11_day15_h18,U_11,15,18,1,0,2025-01-16 18:51:00,0,-1,
U_12_day15_h9,U_12,15,9,1,0,2025-01-16 09:21:00,0,-1,
U_13_day15_h21,U_13,15,21,1,0,2025-01-16 21:25:00,0,-1,
U_14_day15_h14,U_14,15,14,1,0,2025-01-16 14:28:00,0,-1,
U_15_day15_h14,U_15,15,14,1,0,2025-01-16 14:37:00,0,-1,
U_16_day15_h17,U_16,15,17,1,0,2025-01-16 17:50:00,1,1,2025-01-16 17:51:00
U_17_day15_h19,U_17,15,19,1,0,2025-01-16 19:47:00,1,11,2025-01-16 19:58:00
U_18_day15_h20,U_18,15,20,1,0,2025-01-16 20:37:00,1,13,2025-01-16 20:50:00
U_19_day15_h15,U_19,15,15,1,0,2025-01-16 15:53:00,0,-1,
U_20_day15_h7,U_20,15,7,1,0,2025-01-16 07:11:00,0,-1,
U_21_day15_h9,U_21,15,9,1,0,2025-01-16 09:02:00,1,6,2025-01-16 09:08:00
U_22_day15_h17,U_22,15,17,1,0,2025-01-16 17:07:00,0,-1,
U_23_day15_h16,U_23,15,16,1,0,2025-01-16 16:13:00,1,1,2025-01-16 16:14:00
U_24_day15_h22,U_24,15,22,1,0,2025-01-16 22:27:00,0,-1,
U_25_day15_h17,U_25,15,17,1,0,2025-01-16 17:00:00,0,-1,
U_26_day15_h20,U_26,15,20,1,0,2025-01-16 20:18:00,0,-1,
U_27_day15_h7,U_27,15,7,1,0,2025-01-16 07:21:00,0,-1,
U_28_day15_h16,U_28,15,16,1,0,2025-01-16 16:34:00,0,-1,
U_29_day15_h16,U_29,15,16,1,0,2025-01-16 16:44:00,0,-1,
U_30_day15_h11,U_30,15,11,1,0,2025-01-16 11:50:00,0,-1,
U_31_day15_h16,U_31,15,16,1,0,2025-01-16 16:18:00,0,-1,
U_32_day15_h16,U_32,15,16,1,0,2025-01-16 16:07:00,0,-1,
U_33_day15_h19,U_33,15,19,1,0,2025-01-16 19:02:00,0,-1,
U_34_day15_h9,U_34,15,9,1,0,2025-01-16 09:06:00,0,-1,
U_35_day15_h22,U_35,15,22,1,0,2025-01-16 22:35:00,0,-1,
U_36_day15_h11,U_36,15,11,1,0,2025-01-16 11:55:00,0,-1,
U_37_day15_h22,U_37,15,22,1,0,2025-01-16 22:23:00,0,-1,
U_38_day15_h18,U_38,15,18,1,0,2025-01-16 18:03:00,1,2,2025-01-16 18:05:00
U_39_day15_h19,U_39,15,19,1,0,2025-01-16 19:03:00,0,-1,
U_40_day15_h15,U_40,15,15,1,0,2025-01-16 15:25:00,0,-1,
U_41_day15_h19,U_41,15,19,1,0,2025-01-16 19:34:00,1,3,2025-01-16 19:37:00
U_42_day15_h8,U_42,15,8,1,0,2025-01-16 08:00:00,1,26,2025-01-16 08:26:00
U_43_day15_h0,U_43,15,0,1,0,2025-01-16 00:21:00,1,11,2025-01-16 00:32:00
U_44_day15_h17,U_44,15,17,1,0,2025-01-16 17:51:00,0,-1,
U_45_day15_h14,U_45,15,14,1,0,2025-01-16 14:09:00,0,-1,
U_46_day15_h10,U_46,15,10,1,0,2025-01-16 10:18:00,0,-1,
U_47_day15_h22,U_47,15,22,1,0,2025-01-16 22:37:00,0,-1,
U_48_day15_h7,U_48,15,7,1,0,2025-01-16 07:58:00,1,9,2025-01-16 08:07:00
U_49_day15_h13,U_49,15,13,1,0,2025-01-16 13:16:00,0,-1,
U_50_day15_h17,U_50,15,17,1,0,2025-01-16 17:55:00,0,-1,
U_51_day15_h10,U_51,15,10,1,0,2025-01-16 10:06:00,0,-1,
U_52_day15_h9,U_52,15,9,1,0,2025-01-16 09:09:00,0,-1,
U_53_day15_h20,U_53,15,20,1,0,2025-01-16 20:22:00,0,-1,
U_54_day15_h20,U_54,15,20,1,0,2025-01-16 20:36:00,0,-1,
U_55_day15_h19,U_55,15,19,1,0,2025-01-16 19:45:00,0,-1,
U_56_day15_h13,U_56,15,13,1,0,2025-01-16 13:41:00,0,-1,
U_57_day15_h17,U_57,15,17,1,0,2025-01-16 17:22:00,0,-1,
U_58_day15_h19,U_58,15,19,1,0,2025-01-16 19:01:00,0,-1,
U_59_day15_h19,U_59,15,19,1,0,2025-01-16 19:47:00,0,-1,
U_60_day15_h22,U_60,15,22,1,0,2025-01-16 22:31:00,0,-1,
U_61_day15_h13,U_61,15,13,1,0,2025-01-16 13:51:00,0,-1,
U_62_day15_h17,U_62,15,17,1,0,2025-01-16 17:26:00,0,-1,
U_63_day15_h13,U_63,15,13,1,0,2025-01-16 13:10:00,0,-1,
U_64_day15_h14,U_64,15,14,1,0,2025-01-16 14:19:00,0,-1,
U_65_day15_h11,U_65,15,11,1,0,2025-01-16 11:53:00,0,-1,
U_66_day15_h6,U_66,15,6,1,0,2025-01-16 06:37:00,0,-1,
U_67_day15_h14,U_67,15,14,1,0,2025-01-16 14:36:00,1,13,2025-01-16 14:49:00
U_68_day15_h12,U_68,15,12,1,0,2025-01-16 12:47:00,0,-1,
U_69_day15_h13,U_69,15,13,1,0,2025-01-16 13:11:00,0,-1,
U_70_day15_h8,U_70,15,8,1,0,2025-01-16 08:46:00,0,-1,
U_71_day15_h7,U_71,15,7,1,0,2025-01-16 07:39:00,1,26,2025-01-16 08:05:00
U_72_day15_h8,U_72,15,8,1,0,2025-01-16 08:12:00,0,-1,
U_73_day15_h14,U_73,15,14,1,0,2025-01-16 14:39:00,0,-1,
U_74_day15_h20,U_74,15,20,1,0,2025-01-16 20:30:00,0,-1,
U_75_day15_h21,U_75,15,21,1,0,2025-01-16 21:37:00,1,80,2025-01-16 22:57:00
U_76_day15_h17,U_76,15,17,1,0,2025-01-16 17:54:00,0,-1,
U_77_day15_h12,U_77,15,12,1,0,2025-01-16 12:41:00,1,2,2025-01-16 12:43:00
U_78_day15_h9,U_78,15,9,1,0,2025-01-16 09:11:00,0,-1,
U_79_day15_h19,U_79,15,19,1,0,2025-01-16 19:04:00,1,8,2025-01-16 19:12:00
U_80_day15_h21,U_80,15,21,1,0,2025-01-16 21:59:00,1,6,2025-01-16 22:05:00
U_81_day15_h20,U_81,15,20,1,0,2025-01-16 20:14:00,1,12,2025-01-16 20:26:00
U_82_day15_h21,U_82,15,21,1,0,2025-01-16 21:13:00,1,5,2025-01-16 21:18:00
U_83_day15_h8,U_83,15,8,1,0,2025-01-16 08:32:00,0,-1,
U_84_day15_h18,U_84,15,18,1,0,2025-01-16 18:09:00,0,-1,
U_85_day15_h7,U_85,15,7,1,0,2025-01-16 07:00:00,0,-1,
U_86_day15_h12,U_86,15,12,1,0,2025-01-16 12:28:00,1,3,2025-01-16 12:31:00
U_87_day15_h13,U_87,15,13,1,0,2025-01-16 13:15:00,0,-1,
U_88_day15_h19,U_88,15,19,1,0,2025-01-16 19:13:00,0,-1,
U_89_day15_h9,U_89,15,9,1,0,2025-01-16 09:51:00,0,-1,
U_90_day15_h10,U_90,15,10,1,0,2025-01-16 10:47:00,1,52,2025-01-16 11:39:00
U_91_day15_h11,U_91,15,11,1,0,2025-01-16 11:56:00,1,10,2025-01-16 12:06:00
U_92_day15_h16,U_92,15,16,1,0,2025-01-16 16:10:00,0,-1,
U_93_day15_h21,U_93,15,21,1,0,2025-01-16 21:15:00,0,-1,
U_94_day15_h16,U_94,15,16,1,0,2025-01-16 16:06:00,0,-1,
U_95_day15_h11,U_95,15,11,1,0,2025-01-16 11:42:00,0,-1,
U_96_day15_h12,U_96,15,12,1,0,2025-01-16 12:56:00,1,2,2025-01-16 12:58:00
U_97_day15_h16,U_97,15,16,1,0,2025-01-16 16:57:00,0,-1,
U_98_day15_h20,U_98,15,20,1,0,2025-01-16 20:25:00,0,-1,
U_99_day15_h12,U_99,15,12,1,0,2025-01-16 12:32:00,0,-1,
U_100_day15_h14,U_100,15,14,1,0,2025-01-16 14:34:00,0,-1,
U_1_day16_h14,U_1,16,14,2,0,2025-01-17 14:59:00,0,-1,
U_2_day16_h14,U_2,16,14,2,0,2025-01-17 14:24:00,0,-1,
U_3_day16_h8,U_3,16,8,2,0,2025-01-17 08:50:00,0,-1,
U_4_day16_h9,U_4,16,9,2,0,2025-01-17 09:24:00,0,-1,
U_5_day16_h17,U_5,16,17,2,0,2025-01-17 17:51:00,0,-1,
U_6_day16_h16,U_6,16,16,2,0,2025-01-17 16:02:00,0,-1,
U_7_day16_h20,U_7,16,20,2,0,2025-01-17 20:07:00,0,-1,
U_8_day16_h19,U_8,16,19,2,0,2025-01-17 19:10:00,1,4,2025-01-17 19:14:00
U_9_day16_h23,U_9,16,23,2,0,2025-01-17 23:38:00,0,-1,
U_10_day16_h13,U_10,16,13,2,0,2025-01-17 13:57:00,0,-1,
U_11_day16_h11,U_11,16,11,2,0,2025-01-17 11:01:00,1,2,2025-01-17 11:03:00
U_12_day16_h11,U_12,16,11,2,0,2025-01-17 11:07:00,1,1,2025-01-17 11:08:00
U_13_day16_h21,U_13,16,21,2,0,2025-01-17 21:45:00,0,-1,
U_14_day16_h13,U_14,16,13,2,0,2025-01-17 13:26:00,0,-1,
U_15_day16_h20,U_15,16,20,2,0,2025-01-17 20:11:00,0,-1,
U_16_day16_h18,U_16,16,18,2,0,2025-01-17 18:18:00,1,83,2025-01-17 19:41:00
U_17_day16_h11,U_17,16,11,2,0,2025-01-17 11:20:00,0,-1,
U_18_day16_h23,U_18,16,23,2,0,2025-01-17 23:54:00,0,-1,
U_19_day16_h7,U_19,16,7,2,0,2025-01-17 07:56:00,0,-1,
U_20_day16_h18,U_20,16,18,2,0,2025-01-17 18:10:00,0,-1,
U_21_day16_h19,U_21,16,19,2,0,2025-01-17 19:18:00,0,-1,
U_22_day16_h16,U_22,16,16,2,0,2025-01-17 16:02:00,0,-1,
U_23_day16_h13,U_23,16,13,2,0,2025-01-17 13:58:00,0,-1,
U_24_day16_h5,U_24,16,5,2,0,2025-01-17 05:09:00,0,-1,
U_25_day16_h10,U_25,16,10,2,0,2025-01-17 10:21:00,1,35,2025-01-17 10:56:00
U_26_day16_h15,U_26,16,15,2,0,2025-01-17 15:16:00,0,-1,
U_27_day16_h11,U_27,16,11,2,0,2025-01-17 11:25:00,0,-1,
U_28_day16_h15,U_28,16,15,2,0,2025-01-17 15:29:00,0,-1,
U_29_day16_h19,U_29,16,19,2,0,2025-01-17 19:05:00,0,-1,
U_30_day16_h16,U_30,16,16,2,0,2025-01-17 16:16:00,0,-1,
U_31_day16_h15,U_31,16,15,2,0,2025-01-17 15:53:00,0,-1,
U_32_day16_h18,U_32,16,18,2,0,2025-01-17 18:47:00,0,-1,
U_33_day16_h19,U_33,16,19,2,0,2025-01-17 19:07:00,1,8,2025-01-17 19:15:00
U_34_day16_h20,U_34,16,20,2,0,2025-01-17 20:26:00,0,-1,
U_35_day16_h11,U_35,16,11,2,0,2025-01-17 11:01:00,0,-1,
U_36_day16_h16,U_36,16,16,2,0,2025-01-17 16:53:00,0,-1,
U_37_day16_h21,U_37,16,21,2,0,2025-01-17 21:50:00,0,-1,
U_38_day16_h7,U_38,16,7,2,0,2025-01-17 07:28:00,1,44,2025-01-17 08:12:00
U_39_day16_h9,U_39,16,9,2,0,2025-01-17 09:53:00,0,-1,
U_40_day16_h10,U_40,16,10,2,0,2025-01-17 10:46:00,1,31,2025-01-17 11:17:00
U_41_day16_h16,U_41,16,16,2,0,2025-01-17 16:09:00,0,-1,
U_42_day16_h10,U_42,16,10,2,0,2025-01-17 10:58:00,0,-1,
U_43_day16_h10,U_43,16,10,2,0,2025-01-17 10:43:00,0,-1,
U_44_day16_h12,U_44,16,12,2,0,2025-01-17 12:00:00,1,15,2025-01-17 12:15:00
U_45_day16_h19,U_45,16,19,2,0,2025-01-17 19:20:00,0,-1,
U_46_day16_h17,U_46,16,17,2,0,2025-01-17 17:29:00,0,-1,
U_47_day16_h19,U_47,16,19,2,0,2025-01-17 19:44:00,0,-1,
U_48_day16_h16,U_48,16,16,2,0,2025-01-17 16:45:00,0,-1,
U_49_day16_h16,U_49,16,16,2,0,2025-01-17 16:57:00,0,-1,
U_50_day16_h10,U_50,16,10,2,0,2025-01-17 10:41:00,0,-1,
U_51_day16_h14,U_51,16,14,2,0,2025-01-17 14:57:00,0,-1,
U_52_day16_h19,U_52,16,19,2,0,2025-01-17 19:22:00,0,-1,
U_53_day16_h19,U_53,16,19,2,0,2025-01-17 19:40:00,0,-1,
U_54_day16_h18,U_54,16,18,2,0,2025-01-17 18:18:00,0,-1,
U_55_day16_h18,U_55,16,18,2,0,2025-01-17 18:50:00,1,56,2025-01-17 19:46:00
U_56_day16_h14,U_56,16,14,2,0,2025-01-17 14:44:00,1,121,2025-01-17 16:45:00
U_57_day16_h8,U_57,16,8,2,0,2025-01-17 08:54:00,0,-1,
U_58_day16_h14,U_58,16,14,2,0,2025-01-17 14:15:00,1,10,2025-01-17 14:25:00
U_59_day16_h16,U_59,16,16,2,0,2025-01-17 16:55:00,0,-1,
U_60_day16_h10,U_60,16,10,2,0,2025-01-17 10:43:00,0,-1,
U_61_day16_h20,U_61,16,20,2,0,2025-01-17 20:54:00,0,-1,
U_62_day16_h15,U_62,16,15,2,0,2025-01-17 15:01:00,0,-1,
U_63_day16_h16,U_63,16,16,2,0,2025-01-17 16:51:00,0,-1,
U_64_day16_h20,U_64,16,20,2,0,2025-01-17 20:05:00,0,-1,
U_65_day16_h20,U_65,16,20,2,0,2025-01-17 20:21:00,0,-1,
U_66_day16_h12,U_66,16,12,2,0,2025-01-17 12:24:00,0,-1,
U_67_day16_h9,U_67,16,9,2,0,2025-01-17 09:37:00,0,-1,
U_68_day16_h0,U_68,16,0,2,0,2025-01-17 00:32:00,0,-1,
U_69_day16_h18,U_69,16,18,2,0,2025-01-17 18:39:00,0,-1,
U_70_day16_h1,U_70,16,1,2,0,2025-01-17 01:32:00,0,-1,
U_71_day16_h15,U_71,16,15,2,0,2025-01-17 15:30:00,0,-1,
U_72_day16_h10,U_72,16,10,2,0,2025-01-17 10:27:00,0,-1,
U_73_day16_h12,U_73,16,12,2,0,2025-01-17 12:18:00,0,-1,
U_74_day16_h13,U_74,16,13,2,0,2025-01-17 13:37:00,0,-1,
U_75_day16_h17,U_75,16,17,2,0,2025-01-17 17:40:00,0,-1,
U_76_day16_h16,U_76,16,16,2,0,2025-01-17 16:46:00,0,-1,
U_77_day16_h16,U_77,16,16,2,0,2025-01-17 16:17:00,0,-1,
U_78_day16_h7,U_78,16,7,2,0,2025-01-17 07:18:00,1,2,2025-01-17 07:20:00
U_79_day16_h13,U_79,16,13,2,0,2025-01-17 13:45:00,0,-1,
U_80_day16_h6,U_80,16,6,2,0,2025-01-17 06:36:00,0,-1,
U_81_day16_h6,U_81,16,6,2,0,2025-01-17 06:18:00,0,-1,
U_82_day16_h15,U_82,16,15,2,0,2025-01-17 15:04:00,0,-1,
U_83_day16_h10,U_83,16,10,2,0,2025-01-17 10:05:00,0,-1,
U_84_day16_h19,U_84,16,19,2,0,2025-01-17 19:18:00,0,-1,
U_85_day16_h8,U_85,16,8,2,0,2025-01-17 08:54:00,0,-1,
U_86_day16_h21,U_86,16,21,2,0,2025-01-17 21:31:00,0,-1,
U_87_day16_h8,U_87,16,8,2,0,2025-01-17 08:36:00,0,-1,
U_88_day16_h12,U_88,16,12,2,0,2025-01-17 12:40:00,0,-1,
U_89_day16_h7,U_89,16,7,2,0,2025-01-17 07:20:00,0,-1,
U_90_day16_h9,U_90,16,9,2,0,2025-01-17 09:51:00,1,364,2025-01-17 15:55:00
U_91_day16_h11,U_91,16,11,2,0,2025-01-17 11:46:00,0,-1,
U_92_day16_h19,U_92,16,19,2,0,2025-01-17 19:47:00,0,-1,
U_93_day16_h15,U_93,16,15,2,0,2025-01-17 15:39:00,0,-1,
U_94_day16_h8,U_94,16,8,2,0,2025-01-17 08:54:00,0,-1,
U_95_day16_h12,U_95,16,12,2,0,2025-01-17 12:54:00,0,-1,
U_96_day16_h11,U_96,16,11,2,0,2025-01-17 11:16:00,1,3,2025-01-17 11:19:00
U_97_day16_h12,U_97,16,12,2,0,2025-01-17 12:24:00,0,-1,
U_98_day16_h9,U_98,16,9,2,0,2025-01-17 09:47:00,0,-1,
U_99_day16_h22,U_99,16,22,2,0,2025-01-17 22:28:00,0,-1,
U_100_day16_h7,U_100,16,7,2,0,2025-01-17 07:00:00,0,-1,
U_1_day17_h17,U_1,17,17,3,0,2025-01-18 17:57:00,0,-1,
U_2_day17_h13,U_2,17,13,3,0,2025-01-18 13:26:00,0,-1,
U_3_day17_h12,U_3,17,12,3,0,2025-01-18 12:44:00,0,-1,
U_4_day17_h7,U_4,17,7,3,0,2025-01-18 07:22:00,0,-1,
U_5_day17_h9,U_5,17,9,3,0,2025-01-18 09:03:00,0,-1,
U_6_day17_h16,U_6,17,16,3,0,2025-01-18 16:58:00,1,24,2025-01-18 17:22:00
U_7_day17_h18,U_7,17,18,3,0,2025-01-18 18:48:00,1,8,2025-01-18 18:56:00
U_8_day17_h16,U_8,17,16,3,0,2025-01-18 16:47:00,0,-1,
U_9_day17_h12,U_9,17,12,3,0,2025-01-18 12:03:00,1,3,2025-01-18 12:06:00
U_10_day17_h13,U_10,17,13,3,0,2025-01-18 13:31:00,0,-1,
U_11_day17_h15,U_11,17,15,3,0,2025-01-18 15:06:00,1,0,2025-01-18 15:06:00
U_12_day17_h13,U_12,17,13,3,0,2025-01-18 13:08:00,0,-1,
U_13_day17_h19,U_13,17,19,3,0,2025-01-18 19:40:00,0,-1,
U_14_day17_h23,U_14,17,23,3,0,2025-01-18 23:54:00,0,-1,
U_15_day17_h0,U_15,17,0,3,0,2025-01-18 00:00:00,0,-1,
U_16_day17_h13,U_16,17,13,3,0,2025-01-18 13:23:00,1,10,2025-01-18 13:33:00
U_17_day17_h7,U_17,17,7,3,0,2025-01-18 07:53:00,0,-1,
U_18_day17_h12,U_18,17,12,3,0,2025-01-18 12:10:00,0,-1,
U_19_day17_h5,U_19,17,5,3,0,2025-01-18 05:12:00,0,-1,
U_20_day17_h1,U_20,17,1,3,0,2025-01-18 01:50:00,0,-1,
U_21_day17_h14,U_21,17,14,3,0,2025-01-18 14:53:00,0,-1,
U_22_day17_h15,U_22,17,15,3,0,2025-01-18 15:36:00,0,-1,
U_23_day17_h17,U_23,17,17,3,0,2025-01-18 17:11:00,1,2,2025-01-18 17:13:00
U_24_day17_h21,U_24,17,21,3,0,2025-01-18 21:13:00,0,-1,
U_25_day17_h17,U_25,17,17,3,0,2025-01-18 17:19:00,0,-1,
U_26_day17_h6,U_26,17,6,3,0,2025-01-18 06:04:00,0,-1,
U_27_day17_h14,U_27,17,14,3,0,2025-01-18 14:36:00,0,-1,
U_28_day17_h13,U_28,17,13,3,0,2025-01-18 13:12:00,0,-1,
U_29_day17_h11,U_29,17,11,3,0,2025-01-18 11:36:00,1,1,2025-01-18 11:37:00
U_30_day17_h21,U_30,17,21,3,0,2025-01-18 21:24:00,1,9,2025-01-18 21:33:00
U_31_day17_h21,U_31,17,21,3,0,2025-01-18 21:17:00,1,19,2025-01-18 21:36:00
U_32_day17_h14,U_32,17,14,3,0,2025-01-18 14:12:00,0,-1,
U_33_day17_h11,U_33,17,11,3,0,2025-01-18 11:53:00,0,-1,
U_34_day17_h0,U_34,17,0,3,0,2025-01-18 00:10:00,1,77,2025-01-18 01:27:00
U_35_day17_h12,U_35,17,12,3,0,2025-01-18 12:19:00,0,-1,
U_36_day17_h12,U_36,17,12,3,0,2025-01-18 12:09:00,0,-1,
U_37_day17_h21,U_37,17,21,3,0,2025-01-18 21:33:00,0,-1,
U_38_day17_h18,U_38,17,18,3,0,2025-01-18 18:03:00,0,-1,
U_39_day17_h20,U_39,17,20,3,0,2025-01-18 20:49:00,0,-1,
U_40_day17_h16,U_40,17,16,3,0,2025-01-18 16:11:00,0,-1,
U_41_day17_h15,U_41,17,15,3,0,2025-01-18 15:01:00,0,-1,
U_42_day17_h20,U_42,17,20,3,0,2025-01-18 20:01:00,0,-1,
U_43_day17_h21,U_43,17,21,3,0,2025-01-18 21:10:00,0,-1,
U_44_day17_h20,U_44,17,20,3,0,2025-01-18 20:11:00,0,-1,
U_45_day17_h11,U_45,17,11,3,0,2025-01-18 11:59:00,0,-1,
U_46_day17_h14,U_46,17,14,3,0,2025-01-18 14:18:00,0,-1,
U_47_day17_h10,U_47,17,10,3,0,2025-01-18 10:28:00,0,-1,
U_48_day17_h11,U_48,17,11,3,0,2025-01-18 11:57:00,0,-1,
U_49_day17_h12,U_49,17,12,3,0,2025-01-18 12:05:00,0,-1,
U_50_day17_h16,U_50,17,16,3,0,2025-01-18 16:34:00,0,-1,
U_51_day17_h18,U_51,17,18,3,0,2025-01-18 18:30:00,1,38,2025-01-18 19:08:00
U_52_day17_h20,U_52,17,20,3,0,2025-01-18 20:33:00,0,-1,
U_53_day17_h0,U_53,17,0,3,0,2025-01-18 00:11:00,0,-1,
U_54_day17_h13,U_54,17,13,3,0,2025-01-18 13:24:00,0,-1,
U_55_day17_h21,U_55,17,21,3,0,2025-01-18 21:46:00,0,-1,
U_56_day17_h16,U_56,17,16,3,0,2025-01-18 16:42:00,0,-1,
U_57_day17_h22,U_57,17,22,3,0,2025-01-18 22:26:00,0,-1,
U_58_day17_h14,U_58,17,14,3,0,2025-01-18 14:28:00,1,29,2025-01-18 14:57:00
U_59_day17_h23,U_59,17,23,3,0,2025-01-18 23:43:00,0,-1,
U_60_day17_h20,U_60,17,20,3,0,2025-01-18 20:12:00,0,-1,
U_61_day17_h18,U_61,17,18,3,0,2025-01-18 18:08:00,0,-1,
U_62_day17_h6,U_62,17,6,3,0,2025-01-18 06:36:00,0,-1,
U_63_day17_h13,U_63,17,13,3,0,2025-01-18 13:54:00,1,3,2025-01-18 13:57:00
U_64_day17_h18,U_64,17,18,3,0,2025-01-18 18:49:00,0,-1,
U_65_day17_h0,U_65,17,0,3,0,2025-01-18 00:18:00,0,-1,
U_66_day17_h22,U_66,17,22,3,0,2025-01-18 22:19:00,0,-1,
U_67_day17_h22,U_67,17,22,3,0,2025-01-18 22:27:00,0,-1,
U_68_day17_h19,U_68,17,19,3,0,2025-01-18 19:40:00,0,-1,
U_69_day17_h13,U_69,17,13,3,0,2025-01-18 13:32:00,0,-1,
U_70_day17_h7,U_70,17,7,3,0,2025-01-18 07:32:00,0,-1,
U_71_day17_h9,U_71,17,9,3,0,2025-01-18 09:35:00,0,-1,
U_72_day17_h22,U_72,17,22,3,0,2025-01-18 22:26:00,0,-1,
U_73_day17_h13,U_73,17,13,3,0,2025-01-18 13:36:00,0,-1,
U_74_day17_h8,U_74,17,8,3,0,2025-01-18 08:22:00,0,-1,
U_75_day17_h10,U_75,17,10,3,0,2025-01-18 10:34:00,0,-1,
U_76_day17_h22,U_76,17,22,3,0,2025-01-18 22:03:00,0,-1,
U_77_day17_h10,U_77,17,10,3,0,2025-01-18 10:53:00,0,-1,
U_78_day17_h8,U_78,17,8,3,0,2025-01-18 08:10:00,0,-1,
U_79_day17_h19,U_79,17,19,3,0,2025-01-18 19:39:00,0,-1,
U_80_day17_h22,U_80,17,22,3,0,2025-01-18 22:17:00,1,5,2025-01-18 22:22:00
U_81_day17_h9,U_81,17,9,3,0,2025-01-18 09:09:00,0,-1,
U_82_day17_h5,U_82,17,5,3,0,2025-01-18 05:06:00,0,-1,
U_83_day17_h10,U_83,17,10,3,0,2025-01-18 10:48:00,0,-1,
U_84_day17_h12,U_84,17,12,3,0,2025-01-18 12:41:00,1,2,2025-01-18 12:43:00
U_85_day17_h18,U_85,17,18,3,0,2025-01-18 18:26:00,0,-1,
U_86_day17_h18,U_86,17,18,3,0,2025-01-18 18:34:00,0,-1,
U_87_day17_h15,U_87,17,15,3,0,2025-01-18 15:58:00,0,-1,
U_88_day17_h14,U_88,17,14,3,0,2025-01-18 14:53:00,1,16,2025-01-18 15:09:00
U_89_day17_h9,U_89,17,9,3,0,2025-01-18 09:06:00,0,-1,
U_90_day17_h10,U_90,17,10,3,0,2025-01-18 10:42:00,0,-1,
U_91_day17_h22,U_91,17,22,3,0,2025-01-18 22:22:00,0,-1,
U_92_day17_h19,U_92,17,19,3,0,2025-01-18 19:07:00,0,-1,
U_93_day17_h15,U_93,17,15,3,0,2025-01-18 15:44:00,1,214,2025-01-18 19:18:00
U_94_day17_h18,U_94,17,18,3,0,2025-01-18 18:38:00,1,3,2025-01-18 18:41:00
U_95_day17_h9,U_95,17,9,3,0,2025-01-18 09:08:00,0,-1,
U_96_day17_h14,U_96,17,14,3,0,2025-01-18 14:14:00,0,-1,
U_97_day17_h7,U_97,17,7,3,0,2025-01-18 07:23:00,0,-1,
U_98_day17_h8,U_98,17,8,3,0,2025-01-18 08:11:00,0,-1,
U_99_day17_h2,U_99,17,2,3,0,2025-01-18 02:58:00,0,-1,
U_100_day17_h14,U_100,17,14,3,0,2025-01-18 14:21:00,0,-1,
U_1_day18_h11,U_1,18,11,4,0,2025-01-19 11:40:00,0,-1,
U_2_day18_h13,U_2,18,13,4,0,2025-01-19 13:56:00,0,-1,
U_3_day18_h22,U_3,18,22,4,0,2025-01-19 22:17:00,0,-1,
U_4_day18_h7,U_4,18,7,4,0,2025-01-19 07:47:00,0,-1,
U_5_day18_h20,U_5,18,20,4,0,2025-01-19 20:53:00,0,-1,
U_6_day18_h17,U_6,18,17,4,0,2025-01-19 17:14:00,1,2,2025-01-19 17:16:00
U_7_day18_h10,U_7,18,10,4,0,2025-01-19 10:43:00,1,0,2025-01-19 10:43:00
U_8_day18_h8,U_8,18,8,4,0,2025-01-19 08:25:00,0,-1,
U_9_day18_h21,U_9,18,21,4,0,2025-01-19 21:06:00,0,-1,
U_10_day18_h10,U_10,18,10,4,0,2025-01-19 10:41:00,0,-1,
U_11_day18_h19,U_11,18,19,4,0,2025-01-19 19:13:00,1,1,2025-01-19 19:14:00
U_12_day18_h9,U_12,18,9,4,0,2025-01-19 09:28:00,1,15,2025-01-19 09:43:00
U_13_day18_h8,U_13,18,8,4,0,2025-01-19 08:47:00,0,-1,
U_14_day18_h18,U_14,18,18,4,0,2025-01-19 18:43:00,0,-1,
U_15_day18_h8,U_15,18,8,4,0,2025-01-19 08:07:00,0,-1,
U_16_day18_h20,U_16,18,20,4,0,2025-01-19 20:48:00,1,6,2025-01-19 20:54:00
U_17_day18_h22,U_17,18,22,4,0,2025-01-19 22:54:00,0,-1,
U_18_day18_h11,U_18,18,11,4,0,2025-01-19 11:44:00,0,-1,
U_19_day18_h12,U_19,18,12,4,0,2025-01-19 12:24:00,1,1,2025-01-19 12:25:00
U_20_day18_h14,U_20,18,14,4,0,2025-01-19 14:20:00,0,-1,
U_21_day18_h17,U_21,18,17,4,0,2025-01-19 17:13:00,0,-1,
U_22_day18_h19,U_22,18,19,4,0,2025-01-19 19:56:00,0,-1,
U_23_day18_h15,U_23,18,15,4,0,2025-01-19 15:27:00,1,58,2025-01-19 16:25:00
U_24_day18_h9,U_24,18,9,4,0,2025-01-19 09:40:00,0,-1,
U_25_day18_h17,U_25,18,17,4,0,2025-01-19 17:10:00,1,103,2025-01-19 18:53:00
U_26_day18_h21,U_26,18,21,4,0,2025-01-19 21:21:00,0,-1,
U_27_day18_h7,U_27,18,7,4,0,2025-01-19 07:10:00,0,-1,
U_28_day18_h5,U_28,18,5,4,0,2025-01-19 05:28:00,0,-1,
U_29_day18_h12,U_29,18,12,4,0,2025-01-19 12:19:00,1,2,2025-01-19 12:21:00
U_30_day18_h15,U_30,18,15,4,0,2025-01-19 15:20:00,0,-1,
U_31_day18_h10,U_31,18,10,4,0,2025-01-19 10:56:00,0,-1,
U_32_day18_h8,U_32,18,8,4,0,2025-01-19 08:49:00,0,-1,
U_33_day18_h18,U_33,18,18,4,0,2025-01-19 18:53:00,1,0,2025-01-19 18:53:00
U_34_day18_h14,U_34,18,14,4,0,2025-01-19 14:15:00,0,-1,
U_35_day18_h1,U_35,18,1,4,0,2025-01-19 01:06:00,0,-1,
U_36_day18_h13,U_36,18,13,4,0,2025-01-19 13:51:00,0,-1,
U_37_day18_h23,U_37,18,23,4,0,2025-01-19 23:53:00,0,-1,
U_38_day18_h6,U_38,18,6,4,0,2025-01-19 06:13:00,0,-1,
U_39_day18_h13,U_39,18,13,4,0,2025-01-19 13:29:00,0,-1,
U_40_day18_h1,U_40,18,1,4,0,2025-01-19 01:42:00,0,-1,
U_41_day18_h15,U_41,18,15,4,0,2025-01-19 15:33:00,0,-1,
U_42_day18_h14,U_42,18,14,4,0,2025-01-19 14:48:00,0,-1,
U_43_day18_h3,U_43,18,3,4,0,2025-01-19 03:54:00,0,-1,
U_44_day18_h13,U_44,18,13,4,0,2025-01-19 13:41:00,0,-1,
U_45_day18_h10,U_45,18,10,4,0,2025-01-19 10:27:00,0,-1,
U_46_day18_h20,U_46,18,20,4,0,2025-01-19 20:10:00,0,-1,
U_47_day18_h17,U_47,18,17,4,0,2025-01-19 17:55:00,0,-1,
U_48_day18_h9,U_48,18,9,4,0,2025-01-19 09:41:00,0,-1,
U_49_day18_h16,U_49,18,16,4,0,2025-01-19 16:59:00,0,-1,
U_50_day18_h15,U_50,18,15,4,0,2025-01-19 15:51:00,1,6,2025-01-19 15:57:00
U_51_day18_h7,U_51,18,7,4,0,2025-01-19 07:45:00,0,-1,
U_52_day18_h10,U_52,18,10,4,0,2025-01-19 10:48:00,0,-1,
U_53_day18_h18,U_53,18,18,4,0,2025-01-19 18:20:00,0,-1,
U_54_day18_h17,U_54,18,17,4,0,2025-01-19 17:10:00,1,10,2025-01-19 17:20:00
U_55_day18_h19,U_55,18,19,4,0,2025-01-19 19:17:00,0,-1,
U_56_day18_h11,U_56,18,11,4,0,2025-01-19 11:12:00,1,7,2025-01-19 11:19:00
U_57_day18_h14,U_57,18,14,4,0,2025-01-19 14:56:00,0,-1,
U_58_day18_h20,U_58,18,20,4,0,2025-01-19 20:30:00,0,-1,
U_59_day18_h11,U_59,18,11,4,0,2025-01-19 11:44:00,0,-1,
U_60_day18_h18,U_60,18,18,4,0,2025-01-19 18:11:00,0,-1,
U_61_day18_h17,U_61,18,17,4,0,2025-01-19 17:21:00,1,17,2025-01-19 17:38:00
U_62_day18_h15,U_62,18,15,4,0,2025-01-19 15:45:00,0,-1,
U_63_day18_h18,U_63,18,18,4,0,2025-01-19 18:25:00,0,-1,
U_64_day18_h18,U_64,18,18,4,0,2025-01-19 18:06:00,0,-1,
U_65_day18_h7,U_65,18,7,4,0,2025-01-19 07:45:00,1,4,2025-01-19 07:49:00
U_66_day18_h19,U_66,18,19,4,0,2025-01-19 19:02:00,1,8,2025-01-19 19:10:00
U_67_day18_h20,U_67,18,20,4,0,2025-01-19 20:30:00,0,-1,
U_68_day18_h10,U_68,18,10,4,0,2025-01-19 10:57:00,1,9,2025-01-19 11:06:00
U_69_day18_h11,U_69,18,11,4,0,2025-01-19 11:17:00,0,-1,
U_70_day18_h21,U_70,18,21,4,0,2025-01-19 21:11:00,1,0,2025-01-19 21:11:00
U_71_day18_h16,U_71,18,16,4,0,2025-01-19 16:35:00,0,-1,
U_72_day18_h5,U_72,18,5,4,0,2025-01-19 05:42:00,0,-1,
U_73_day18_h8,U_73,18,8,4,0,2025-01-19 08:37:00,0,-1,
U_74_day18_h11,U_74,18,11,4,0,2025-01-19 11:07:00,1,17,2025-01-19 11:24:00
U_75_day18_h13,U_75,18,13,4,0,2025-01-19 13:37:00,0,-1,
U_76_day18_h14,U_76,18,14,4,0,2025-01-19 14:53:00,0,-1,
U_77_day18_h18,U_77,18,18,4,0,2025-01-19 18:12:00,0,-1,
U_78_day18_h14,U_78,18,14,4,0,2025-01-19 14:53:00,1,13,2025-01-19 15:06:00
U_79_day18_h18,U_79,18,18,4,0,2025-01-19 18:23:00,1,0,2025-01-19 18:23:00
U_80_day18_h11,U_80,18,11,4,0,2025-01-19 11:01:00,0,-1,
U_81_day18_h17,U_81,18,17,4,0,2025-01-19 17:38:00,1,27,2025-01-19 18:05:00
U_82_day18_h18,U_82,18,18,4,0,2025-01-19 18:04:00,0,-1,
U_83_day18_h9,U_83,18,9,4,0,2025-01-19 09:51:00,0,-1,
U_84_day18_h17,U_84,18,17,4,0,2025-01-19 17:52:00,1,4,2025-01-19 17:56:00
U_85_day18_h6,U_85,18,6,4,0,2025-01-19 06:05:00,0,-1,
U_86_day18_h11,U_86,18,11,4,0,2025-01-19 11:48:00,1,28,2025-01-19 12:16:00
U_87_day18_h20,U_87,18,20,4,0,2025-01-19 20:56:00,1,45,2025-01-19 21:41:00
U_88_day18_h11,U_88,18,11,4,0,2025-01-19 11:19:00,0,-1,
U_89_day18_h14,U_89,18,14,4,0,2025-01-19 14:22:00,0,-1,
U_90_day18_h12,U_90,18,12,4,0,2025-01-19 12:22:00,1,33,2025-01-19 12:55:00
U_91_day18_h13,U_91,18,13,4,0,2025-01-19 13:39:00,0,-1,
U_92_day18_h5,U_92,18,5,4,0,2025-01-19 05:14:00,0,-1,
U_93_day18_h17,U_93,18,17,4,0,2025-01-19 17:44:00,0,-1,
U_94_day18_h11,U_94,18,11,4,0,2025-01-19 11:35:00,1,6,2025-01-19 11:41:00
U_95_day18_h10,U_95,18,10,4,0,2025-01-19 10:12:00,0,-1,
U_96_day18_h19,U_96,18,19,4,0,2025-01-19 19:11:00,0,-1,
U_97_day18_h22,U_97,18,22,4,0,2025-01-19 22:12:00,0,-1,
U_98_day18_h0,U_98,18,0,4,0,2025-01-19 00:47:00,0,-1,
U_99_day18_h9,U_99,18,9,4,0,2025-01-19 09:36:00,1,7,2025-01-19 09:43:00
U_100_day18_h20,U_100,18,20,4,0,2025-01-19 20:30:00,0,-1,
U_1_day19_h12,U_1,19,12,5,1,2025-01-20 12:45:00,0,-1,
U_2_day19_h5,U_2,19,5,5,1,2025-01-20 05:25:00,0,-1,
U_3_day19_h20,U_3,19,20,5,1,2025-01-20 20:54:00,0,-1,
U_4_day19_h22,U_4,19,22,5,1,2025-01-20 22:15:00,0,-1,
U_5_day19_h19,U_5,19,19,5,1,2025-01-20 19:46:00,0,-1,
U_6_day19_h21,U_6,19,21,5,1,2025-01-20 21:49:00,1,22,2025-01-20 22:11:00
U_7_day19_h12,U_7,19,12,5,1,2025-01-20 12:08:00,1,2,2025-01-20 12:10:00
U_8_day19_h9,U_8,19,9,5,1,2025-01-20 09:34:00,0,-1,
U_9_day19_h1,U_9,19,1,5,1,2025-01-20 01:17:00,0,-1,
U_10_day19_h10,U_10,19,10,5,1,2025-01-20 10:08:00,0,-1,
U_11_day19_h18,U_11,19,18,5,1,2025-01-20 18:38:00,0,-1,
U_12_day19_h2,U_12,19,2,5,1,2025-01-20 02:49:00,0,-1,
U_13_day19_h14,U_13,19,14,5,1,2025-01-20 14:38:00,1,54,2025-01-20 15:32:00
U_14_day19_h12,U_14,19,12,5,1,2025-01-20 12:16:00,0,-1,
U_15_day19_h18,U_15,19,18,5,1,2025-01-20 18:50:00,1,4,2025-01-20 18:54:00
U_16_day19_h8,U_16,19,8,5,1,2025-01-20 08:57:00,0,-1,
U_17_day19_h16,U_17,19,16,5,1,2025-01-20 16:11:00,0,-1,
U_18_day19_h15,U_18,19,15,5,1,2025-01-20 15:23:00,0,-1,
U_19_day19_h18,U_19,19,18,5,1,2025-01-20 18:28:00,1,11,2025-01-20 18:39:00
U_20_day19_h8,U_20,19,8,5,1,2025-01-20 08:30:00,0,-1,
U_21_day19_h23,U_21,19,23,5,1,2025-01-20 23:22:00,0,-1,
U_22_day19_h16,U_22,19,16,5,1,2025-01-20 16:05:00,0,-1,
U_23_day19_h8,U_23,19,8,5,1,2025-01-20 08:19:00,0,-1,
U_24_day19_h14,U_24,19,14,5,1,2025-01-20 14:18:00,0,-1,
U_25_day19_h9,U_25,19,9,5,1,2025-01-20 09:26:00,0,-1,
U_26_day19_h9,U_26,19,9,5,1,2025-01-20 09:25:00,1,27,2025-01-20 09:52:00
U_27_day19_h16,U_27,19,16,5,1,2025-01-20 16:43:00,0,-1,
U_28_day19_h13,U_28,19,13,5,1,2025-01-20 13:08:00,0,-1,
U_29_day19_h7,U_29,19,7,5,1,2025-01-20 07:04:00,0,-1,
U_30_day19_h8,U_30,19,8,5,1,2025-01-20 08:05:00,0,-1,
U_31_day19_h22,U_31,19,22,5,1,2025-01-20 22:38:00,1,6,2025-01-20 22:44:00
U_32_day19_h10,U_32,19,10,5,1,2025-01-20 10:09:00,0,-1,
U_33_day19_h18,U_33,19,18,5,1,2025-01-20 18:04:00,1,12,2025-01-20 18:16:00
U_34_day19_h10,U_34,19,10,5,1,2025-01-20 10:13:00,1,17,2025-01-20 10:30:00
U_35_day19_h21,U_35,19,21,5,1,2025-01-20 21:49:00,1,38,2025-01-20 22:27:00
U_36_day19_h1,U_36,19,1,5,1,2025-01-20 01:18:00,0,-1,
U_37_day19_h14,U_37,19,14,5,1,2025-01-20 14:54:00,0,-1,
U_38_day19_h9,U_38,19,9,5,1,2025-01-20 09:22:00,1,6,2025-01-20 09:28:00
U_39_day19_h18,U_39,19,18,5,1,2025-01-20 18:12:00,0,-1,
U_40_day19_h16,U_40,19,16,5,1,2025-01-20 16:13:00,0,-1,
U_41_day19_h10,U_41,19,10,5,1,2025-01-20 10:04:00,0,-1,
U_42_day19_h18,U_42,19,18,5,1,2025-01-20 18:16:00,0,-1,
U_43_day19_h21,U_43,19,21,5,1,2025-01-20 21:34:00,0,-1,
U_44_day19_h20,U_44,19,20,5,1,2025-01-20 20:16:00,0,-1,
U_45_day19_h9,U_45,19,9,5,1,2025-01-20 09:30:00,0,-1,
U_46_day19_h11,U_46,19,11,5,1,2025-01-20 11:01:00,0,-1,
U_47_day19_h18,U_47,19,18,5,1,2025-01-20 18:28:00,1,8,2025-01-20 18:36:00
U_48_day19_h4,U_48,19,4,5,1,2025-01-20 04:06:00,0,-1,
U_49_day19_h20,U_49,19,20,5,1,2025-01-20 20:23:00,0,-1,
U_50_day19_h7,U_50,19,7,5,1,2025-01-20 07:00:00,0,-1,
U_51_day19_h13,U_51,19,13,5,1,2025-01-20 13:32:00,0,-1,
U_52_day19_h7,U_52,19,7,5,1,2025-01-20 07:03:00,0,-1,
U_53_day19_h0,U_53,19,0,5,1,2025-01-20 00:29:00,0,-1,
U_54_day19_h22,U_54,19,22,5,1,2025-01-20 22:00:00,0,-1,
U_55_day19_h20,U_55,19,20,5,1,2025-01-20 20:11:00,1,13,2025-01-20 20:24:00
U_56_day19_h16,U_56,19,16,5,1,2025-01-20 16:57:00,0,-1,
U_57_day19_h7,U_57,19,7,5,1,2025-01-20 07:52:00,0,-1,
U_58_day19_h9,U_58,19,9,5,1,2025-01-20 09:42:00,1,2,2025-01-20 09:44:00
U_59_day19_h20,U_59,19,20,5,1,2025-01-20 20:01:00,1,31,2025-01-20 20:32:00
U_60_day19_h21,U_60,19,21,5,1,2025-01-20 21:26:00,0,-1,
U_61_day19_h14,U_61,19,14,5,1,2025-01-20 14:38:00,0,-1,
U_62_day19_h10,U_62,19,10,5,1,2025-01-20 10:21:00,0,-1,
U_63_day19_h14,U_63,19,14,5,1,2025-01-20 14:55:00,0,-1,
U_64_day19_h10,U_64,19,10,5,1,2025-01-20 10:04:00,0,-1,
U_65_day19_h10,U_65,19,10,5,1,2025-01-20 10:34:00,1,1,2025-01-20 10:35:00
U_66_day19_h17,U_66,19,17,5,1,2025-01-20 17:51:00,1,12,2025-01-20 18:03:00
U_67_day19_h9,U_67,19,9,5,1,2025-01-20 09:02:00,0,-1,
U_68_day19_h8,U_68,19,8,5,1,2025-01-20 08:57:00,0,-1,
U_69_day19_h10,U_69,19,10,5,1,2025-01-20 10:57:00,1,347,2025-01-20 16:44:00
U_70_day19_h9,U_70,19,9,5,1,2025-01-20 09:48:00,0,-1,
U_71_day19_h11,U_71,19,11,5,1,2025-01-20 11:33:00,0,-1,
U_72_day19_h19,U_72,19,19,5,1,2025-01-20 19:13:00,1,12,2025-01-20 19:25:00
U_73_day19_h17,U_73,19,17,5,1,2025-01-20 17:46:00,1,1,2025-01-20 17:47:00
U_74_day19_h19,U_74,19,19,5,1,2025-01-20 19:36:00,0,-1,
U_75_day19_h11,U_75,19,11,5,1,2025-01-20 11:37:00,0,-1,
U_76_day19_h19,U_76,19,19,5,1,2025-01-20 19:36:00,1,9,2025-01-20 19:45:00
U_77_day19_h11,U_77,19,11,5,1,2025-01-20 11:57:00,0,-1,
U_78_day19_h11,U_78,19,11,5,1,2025-01-20 11:01:00,1,2,2025-01-20 11:03:00
U_79_day19_h16,U_79,19,16,5,1,2025-01-20 16:46:00,0,-1,
U_80_day19_h10,U_80,19,10,5,1,2025-01-20 10:57:00,0,-1,
U_81_day19_h15,U_81,19,15,5,1,2025-01-20 15:18:00,0,-1,
U_82_day19_h14,U_82,19,14,5,1,2025-01-20 14:40:00,0,-1,
U_83_day19_h14,U_83,19,14,5,1,2025-01-20 14:10:00,0,-1,
U_84_day19_h3,U_84,19,3,5,1,2025-01-20 03:12:00,0,-1,
U_85_day19_h8,U_85,19,8,5,1,2025-01-20 08:01:00,0,-1,
U_86_day19_h10,U_86,19,10,5,1,2025-01-20 10:44:00,1,8,2025-01-20 10:52:00
U_87_day19_h15,U_87,19,15,5,1,2025-01-20 15:30:00,0,-1,
U_88_day19_h21,U_88,19,21,5,1,2025-01-20 21:27:00,1,94,2025-01-20 23:01:00
U_89_day19_h18,U_89,19,18,5,1,2025-01-20 18:57:00,1,6,2025-01-20 19:03:00
U_90_day19_h21,U_90,19,21,5,1,2025-01-20 21:37:00,0,-1,
U_91_day19_h7,U_91,19,7,5,1,2025-01-20 07:00:00,1,20,2025-01-20 07:20:00
U_92_day19_h13,U_92,19,13,5,1,2025-01-20 13:58:00,0,-1,
U_93_day19_h11,U_93,19,11,5,1,2025-01-20 11:22:00,0,-1,
U_94_day19_h12,U_94,19,12,5,1,2025-01-20 12:22:00,1,0,2025-01-20 12:22:00
U_95_day19_h8,U_95,19,8,5,1,2025-01-20 08:47:00,0,-1,
U_96_day19_h10,U_96,19,10,5,1,2025-01-20 10:45:00,0,-1,
U_97_day19_h13,U_97,19,13,5,1,2025-01-20 13:55:00,0,-1,
U_98_day19_h12,U_98,19,12,5,1,2025-01-20 12:51:00,0,-1,
U_99_day19_h12,U_99,19,12,5,1,2025-01-20 12:00:00,1,3,2025-01-20 12:03:00
U_100_day19_h19,U_100,19,19,5,1,2025-01-20 19:39:00,0,-1,
U_1_day20_h18,U_1,20,18,6,1,2025-01-21 18:02:00,0,-1,
U_2_day20_h23,U_2,20,23,6,1,2025-01-21 23:45:00,0,-1,
U_3_day20_h10,U_3,20,10,6,1,2025-01-21 10:03:00,1,0,2025-01-21 10:03:00
U_4_day20_h11,U_4,20,11,6,1,2025-01-21 11:01:00,0,-1,
U_5_day20_h22,U_5,20,22,6,1,2025-01-21 22:25:00,0,-1,
U_6_day20_h14,U_6,20,14,6,1,2025-01-21 14:49:00,0,-1,
U_7_day20_h17,U_7,20,17,6,1,2025-01-21 17:25:00,0,-1,
U_8_day20_h9,U_8,20,9,6,1,2025-01-21 09:13:00,0,-1,
U_9_day20_h10,U_9,20,10,6,1,2025-01-21 10:04:00,1,318,2025-01-21 15:22:00
U_10_day20_h18,U_10,20,18,6,1,2025-01-21 18:44:00,1,6,2025-01-21 18:50:00
U_11_day20_h19,U_11,20,19,6,1,2025-01-21 19:58:00,0,-1,
U_12_day20_h23,U_12,20,23,6,1,2025-01-21 23:46:00,0,-1,
U_13_day20_h5,U_13,20,5,6,1,2025-01-21 05:15:00,0,-1,
U_14_day20_h6,U_14,20,6,6,1,2025-01-21 06:12:00,0,-1,
U_15_day20_h21,U_15,20,21,6,1,2025-01-21 21:37:00,0,-1,
U_16_day20_h9,U_16,20,9,6,1,2025-01-21 09:30:00,0,-1,
U_17_day20_h9,U_17,20,9,6,1,2025-01-21 09:58:00,0,-1,
U_18_day20_h11,U_18,20,11,6,1,2025-01-21 11:42:00,0,-1,
U_19_day20_h7,U_19,20,7,6,1,2025-01-21 07:47:00,0,-1,
U_20_day20_h10,U_20,20,10,6,1,2025-01-21 10:04:00,0,-1,
U_21_day20_h13,U_21,20,13,6,1,2025-01-21 13:31:00,1,1,2025-01-21 13:32:00
U_22_day20_h12,U_22,20,12,6,1,2025-01-21 12:39:00,0,-1,
U_23_day20_h10,U_23,20,10,6,1,2025-01-21 10:39:00,0,-1,
U_24_day20_h22,U_24,20,22,6,1,2025-01-21 22:00:00,0,-1,
U_25_day20_h20,U_25,20,20,6,1,2025-01-21 20:27:00,0,-1,
U_26_day20_h22,U_26,20,22,6,1,2025-01-21 22:00:00,0,-1,
U_27_day20_h18,U_27,20,18,6,1,2025-01-21 18:44:00,1,31,2025-01-21 19:15:00
U_28_day20_h20,U_28,20,20,6,1,2025-01-21 20:23:00,1,1,2025-01-21 20:24:00
U_29_day20_h9,U_29,20,9,6,1,2025-01-21 09:33:00,1,2,2025-01-21 09:35:00
U_30_day20_h11,U_30,20,11,6,1,2025-01-21 11:46:00,0,-1,
U_31_day20_h21,U_31,20,21,6,1,2025-01-21 21:33:00,0,-1,
U_32_day20_h8,U_32,20,8,6,1,2025-01-21 08:47:00,1,31,2025-01-21 09:18:00
U_33_day20_h23,U_33,20,23,6,1,2025-01-21 23:47:00,0,-1,
U_34_day20_h17,U_34,20,17,6,1,2025-01-21 17:36:00,0,-1,
U_35_day20_h7,U_35,20,7,6,1,2025-01-21 07:37:00,0,-1,
U_36_day20_h14,U_36,20,14,6,1,2025-01-21 14:29:00,0,-1,
U_37_day20_h11,U_37,20,11,6,1,2025-01-21 11:50:00,0,-1,
U_38_day20_h16,U_38,20,16,6,1,2025-01-21 16:39:00,1,7,2025-01-21 16:46:00
U_39_day20_h11,U_39,20,11,6,1,2025-01-21 11:11:00,1,9,2025-01-21 11:20:00
U_40_day20_h5,U_40,20,5,6,1,2025-01-21 05:57:00,0,-1,
U_41_day20_h15,U_41,20,15,6,1,2025-01-21 15:03:00,0,-1,
U_42_day20_h20,U_42,20,20,6,1,2025-01-21 20:23:00,0,-1,
U_43_day20_h20,U_43,20,20,6,1,2025-01-21 20:02:00,1,20,2025-01-21 20:22:00
U_44_day20_h7,U_44,20,7,6,1,2025-01-21 07:28:00,0,-1,
U_45_day20_h16,U_45,20,16,6,1,2025-01-21 16:11:00,0,-1,
U_46_day20_h9,U_46,20,9,6,1,2025-01-21 09:15:00,0,-1,
U_47_day20_h7,U_47,20,7,6,1,2025-01-21 07:25:00,0,-1,
U_48_day20_h15,U_48,20,15,6,1,2025-01-21 15:50:00,0,-1,
U_49_day20_h15,U_49,20,15,6,1,2025-01-21 15:47:00,0,-1,
U_50_day20_h12,U_50,20,12,6,1,2025-01-21 12:40:00,1,33,2025-01-21 13:13:00
U_51_day20_h9,U_51,20,9,6,1,2025-01-21 09:32:00,0,-1,
U_52_day20_h23,U_52,20,23,6,1,2025-01-21 23:40:00,1,9,2025-01-21 23:49:00
U_53_day20_h18,U_53,20,18,6,1,2025-01-21 18:45:00,0,-1,
U_54_day20_h20,U_54,20,20,6,1,2025-01-21 20:18:00,0,-1,
U_55_day20_h8,U_55,20,8,6,1,2025-01-21 08:56:00,0,-1,
U_56_day20_h7,U_56,20,7,6,1,2025-01-21 07:24:00,0,-1,
U_57_day20_h10,U_57,20,10,6,1,2025-01-21 10:56:00,0,-1,
U_58_day20_h8,U_58,20,8,6,1,2025-01-21 08:58:00,0,-1,
U_59_day20_h23,U_59,20,23,6,1,2025-01-21 23:58:00,0,-1,
U_60_day20_h12,U_60,20,12,6,1,2025-01-21 12:23:00,0,-1,
U_61_day20_h12,U_61,20,12,6,1,2025-01-21 12:02:00,1,8,2025-01-21 12:10:00
U_62_day20_h18,U_62,20,18,6,1,2025-01-21 18:56:00,1,43,2025-01-21 19:39:00
U_63_day20_h6,U_63,20,6,6,1,2025-01-21 06:21:00,0,-1,
U_64_day20_h11,U_64,20,11,6,1,2025-01-21 11:30:00,0,-1,
U_65_day20_h14,U_65,20,14,6,1,2025-01-21 14:32:00,0,-1,
U_66_day20_h9,U_66,20,9,6,1,2025-01-21 09:19:00,0,-1,
U_67_day20_h13,U_67,20,13,6,1,2025-01-21 13:07:00,0,-1,
U_68_day20_h19,U_68,20,19,6,1,2025-01-21 19:03:00,0,-1,
U_69_day20_h9,U_69,20,9,6,1,2025-01-21 09:18:00,0,-1,
U_70_day20_h22,U_70,20,22,6,1,2025-01-21 22:47:00,1,4,2025-01-21 22:51:00
U_71_day20_h12,U_71,20,12,6,1,2025-01-21 12:00:00,0,-1,
U_72_day20_h15,U_72,20,15,6,1,2025-01-21 15:17:00,0,-1,
U_73_day20_h16,U_73,20,16,6,1,2025-01-21 16:31:00,0,-1,
U_74_day20_h20,U_74,20,20,6,1,2025-01-21 20:17:00,0,-1,
U_75_day20_h11,U_75,20,11,6,1,2025-01-21 11:00:00,1,13,2025-01-21 11:13:00
U_76_day20_h18,U_76,20,18,6,1,2025-01-21 18:15:00,0,-1,
U_77_day20_h12,U_77,20,12,6,1,2025-01-21 12:17:00,0,-1,
U_78_day20_h8,U_78,20,8,6,1,2025-01-21 08:28:00,0,-1,
U_79_day20_h18,U_79,20,18,6,1,2025-01-21 18:52:00,0,-1,
U_80_day20_h8,U_80,20,8,6,1,2025-01-21 08:23:00,0,-1,
U_81_day20_h20,U_81,20,20,6,1,2025-01-21 20:26:00,1,0,2025-01-21 20:26:00
U_82_day20_h18,U_82,20,18,6,1,2025-01-21 18:50:00,1,4,2025-01-21 18:54:00
U_83_day20_h17,U_83,20,17,6,1,2025-01-21 17:46:00,0,-1,
U_84_day20_h17,U_84,20,17,6,1,2025-01-21 17:04:00,0,-1,
U_85_day20_h11,U_85,20,11,6,1,2025-01-21 11:13:00,0,-1,
U_86_day20_h15,U_86,20,15,6,1,2025-01-21 15:03:00,0,-1,
U_87_day20_h19,U_87,20,19,6,1,2025-01-21 19:29:00,0,-1,
U_88_day20_h17,U_88,20,17,6,1,2025-01-21 17:23:00,0,-1,
U_89_day20_h12,U_89,20,12,6,1,2025-01-21 12:00:00,0,-1,
U_90_day20_h15,U_90,20,15,6,1,2025-01-21 15:15:00,1,1,2025-01-21 15:16:00
U_91_day20_h15,U_91,20,15,6,1,2025-01-21 15:51:00,0,-1,
U_92_day20_h6,U_92,20,6,6,1,2025-01-21 06:31:00,0,-1,
U_93_day20_h18,U_93,20,18,6,1,2025-01-21 18:45:00,0,-1,
U_94_day20_h15,U_94,20,15,6,1,2025-01-21 15:15:00,0,-1,
U_95_day20_h21,U_95,20,21,6,1,2025-01-21 21:10:00,1,15,2025-01-21 21:25:00
U_96_day20_h23,U_96,20,23,6,1,2025-01-21 23:32:00,0,-1,
U_97_day20_h19,U_97,20,19,6,1,2025-01-21 19:56:00,0,-1,
U_98_day20_h17,U_98,20,17,6,1,2025-01-21 17:35:00,0,-1,
U_99_day20_h16,U_99,20,16,6,1,2025-01-21 16:22:00,0,-1,
U_100_day20_h18,U_100,20,18,6,1,2025-01-21 18:24:00,1,72,2025-01-21 19:36:00
U_1_day21_h18,U_1,21,18,0,0,2025-01-22 18:55:00,0,-1,
U_2_day21_h6,U_2,21,6,0,0,2025-01-22 06:56:00,0,-1,
U_3_day21_h7,U_3,21,7,0,0,2025-01-22 07:18:00,0,-1,
U_4_day21_h19,U_4,21,19,0,0,2025-01-22 19:18:00,0,-1,
U_5_day21_h18,U_5,21,18,0,0,2025-01-22 18:21:00,1,127,2025-01-22 20:28:00
U_6_day21_h10,U_6,21,10,0,0,2025-01-22 10:00:00,0,-1,
U_7_day21_h12,U_7,21,12,0,0,2025-01-22 12:58:00,0,-1,
U_8_day21_h21,U_8,21,21,0,0,2025-01-22 21:31:00,1,31,2025-01-22 22:02:00
U_9_day21_h20,U_9,21,20,0,0,2025-01-22 20:28:00,0,-1,
U_10_day21_h17,U_10,21,17,0,0,2025-01-22 17:52:00,0,-1,
U_11_day21_h14,U_11,21,14,0,0,2025-01-22 14:55:00,1,6,2025-01-22 15:01:00
U_12_day21_h22,U_12,21,22,0,0,2025-01-22 22:19:00,0,-1,
U_13_day21_h18,U_13,21,18,0,0,2025-01-22 18:03:00,0,-1,
U_14_day21_h18,U_14,21,18,0,0,2025-01-22 18:37:00,1,24,2025-01-22 19:01:00
U_15_day21_h9,U_15,21,9,0,0,2025-01-22 09:02:00,1,5,2025-01-22 09:07:00
U_16_day21_h18,U_16,21,18,0,0,2025-01-22 18:54:00,1,8,2025-01-22 19:02:00
U_17_day21_h3,U_17,21,3,0,0,2025-01-22 03:25:00,0,-1,
U_18_day21_h19,U_18,21,19,0,0,2025-01-22 19:28:00,1,94,2025-01-22 21:02:00
U_19_day21_h13,U_19,21,13,0,0,2025-01-22 13:03:00,0,-1,
U_20_day21_h15,U_20,21,15,0,0,2025-01-22 15:44:00,0,-1,
U_21_day21_h20,U_21,21,20,0,0,2025-01-22 20:39:00,0,-1,
U_22_day21_h18,U_22,21,18,0,0,2025-01-22 18:53:00,0,-1,
U_23_day21_h17,U_23,21,17,0,0,2025-01-22 17:17:00,0,-1,
U_24_day21_h16,U_24,21,16,0,0,2025-01-22 16:39:00,0,-1,
U_25_day21_h17,U_25,21,17,0,0,2025-01-22 17:58:00,0,-1,
U_26_day21_h18,U_26,21,18,0,0,2025-01-22 18:42:00,1,8,2025-01-22 18:50:00
U_27_day21_h5,U_27,21,5,0,0,2025-01-22 05:23:00,0,-1,
U_28_day21_h18,U_28,21,18,0,0,2025-01-22 18:15:00,1,0,2025-01-22 18:15:00
U_29_day21_h23,U_29,21,23,0,0,2025-01-22 23:49:00,0,-1,
U_30_day21_h15,U_30,21,15,0,0,2025-01-22 15:35:00,0,-1,
U_31_day21_h0,U_31,21,0,0,0,2025-01-22 00:19:00,0,-1,
U_32_day21_h18,U_32,21,18,0,0,2025-01-22 18:45:00,0,-1,
U_33_day21_h10,U_33,21,10,0,0,2025-01-22 10:36:00,0,-1,
U_34_day21_h1,U_34,21,1,0,0,2025-01-22 01:03:00,0,-1,
U_35_day21_h22,U_35,21,22,0,0,2025-01-22 22:33:00,0,-1,
U_36_day21_h11,U_36,21,11,0,0,2025-01-22 11:38:00,1,46,2025-01-22 12:24:00
U_37_day21_h20,U_37,21,20,0,0,2025-01-22 20:59:00,0,-1,
U_38_day21_h19,U_38,21,19,0,0,2025-01-22 19:36:00,0,-1,
U_39_day21_h15,U_39,21,15,0,0,2025-01-22 15:37:00,0,-1,
U_40_day21_h9,U_40,21,9,0,0,2025-01-22 09:00:00,0,-1,
U_41_day21_h13,U_41,21,13,0,0,2025-01-22 13:53:00,0,-1,
U_42_day21_h16,U_42,21,16,0,0,2025-01-22 16:08:00,0,-1,
U_43_day21_h20,U_43,21,20,0,0,2025-01-22 20:50:00,0,-1,
U_44_day21_h13,U_44,21,13,0,0,2025-01-22 13:47:00,1,21,2025-01-22 14:08:00
U_45_day21_h13,U_45,21,13,0,0,2025-01-22 13:53:00,0,-1,
U_46_day21_h13,U_46,21,13,0,0,2025-01-22 13:26:00,0,-1,
U_47_day21_h13,U_47,21,13,0,0,2025-01-22 13:08:00,1,10,2025-01-22 13:18:00
U_48_day21_h13,U_48,21,13,0,0,2025-01-22 13:30:00,0,-1,
U_49_day21_h18,U_49,21,18,0,0,2025-01-22 18:52:00,1,9,2025-01-22 19:01:00
U_50_day21_h13,U_50,21,13,0,0,2025-01-22 13:28:00,0,-1,
U_51_day21_h14,U_51,21,14,0,0,2025-01-22 14:10:00,1,31,2025-01-22 14:41:00
U_52_day21_h8,U_52,21,8,0,0,2025-01-22 08:56:00,0,-1,
U_53_day21_h10,U_53,21,10,0,0,2025-01-22 10:52:00,1,13,2025-01-22 11:05:00
U_54_day21_h12,U_54,21,12,0,0,2025-01-22 12:40:00,0,-1,
U_55_day21_h21,U_55,21,21,0,0,2025-01-22 21:48:00,1,95,2025-01-22 23:23:00
U_56_day21_h15,U_56,21,15,0,0,2025-01-22 15:44:00,0,-1,
U_57_day21_h11,U_57,21,11,0,0,2025-01-22 11:47:00,0,-1,
U_58_day21_h15,U_58,21,15,0,0,2025-01-22 15:42:00,0,-1,
U_59_day21_h9,U_59,21,9,0,0,2025-01-22 09:01:00,0,-1,
U_60_day21_h21,U_60,21,21,0,0,2025-01-22 21:03:00,1,1,2025-01-22 21:04:00
U_61_day21_h21,U_61,21,21,0,0,2025-01-22 21:17:00,0,-1,
U_62_day21_h23,U_62,21,23,0,0,2025-01-22 23:51:00,0,-1,
U_63_day21_h14,U_63,21,14,0,0,2025-01-22 14:47:00,0,-1,
U_64_day21_h8,U_64,21,8,0,0,2025-01-22 08:07:00,0,-1,
U_65_day21_h19,U_65,21,19,0,0,2025-01-22 19:21:00,0,-1,
U_66_day21_h11,U_66,21,11,0,0,2025-01-22 11:54:00,0,-1,
U_67_day21_h13,U_67,21,13,0,0,2025-01-22 13:26:00,0,-1,
U_68_day21_h18,U_68,21,18,0,0,2025-01-22 18:50:00,0,-1,
U_69_day21_h12,U_69,21,12,0,0,2025-01-22 12:07:00,1,3,2025-01-22 12:10:00
U_70_day21_h18,U_70,21,18,0,0,2025-01-22 18:43:00,1,27,2025-01-22 19:10:00
U_71_day21_h16,U_71,21,16,0,0,2025-01-22 16:08:00,0,-1,
U_72_day21_h12,U_72,21,12,0,0,2025-01-22 12:10:00,0,-1,
U_73_day21_h18,U_73,21,18,0,0,2025-01-22 18:48:00,0,-1,
U_74_day21_h9,U_74,21,9,0,0,2025-01-22 09:13:00,1,2,2025-01-22 09:15:00
U_75_day21_h10,U_75,21,10,0,0,2025-01-22 10:20:00,0,-1,
U_76_day21_h12,U_76,21,12,0,0,2025-01-22 12:10:00,0,-1,
U_77_day21_h20,U_77,21,20,0,0,2025-01-22 20:17:00,0,-1,
U_78_day21_h5,U_78,21,5,0,0,2025-01-22 05:39:00,0,-1,
U_79_day21_h14,U_79,21,14,0,0,2025-01-22 14:04:00,0,-1,
U_80_day21_h7,U_80,21,7,0,0,2025-01-22 07:56:00,0,-1,
U_81_day21_h11,U_81,21,11,0,0,2025-01-22 11:00:00,0,-1,
U_82_day21_h13,U_82,21,13,0,0,2025-01-22 13:53:00,0,-1,
U_83_day21_h11,U_83,21,11,0,0,2025-01-22 11:07:00,0,-1,
U_84_day21_h12,U_84,21,12,0,0,2025-01-22 12:07:00,1,10,2025-01-22 12:17:00
U_85_day21_h22,U_85,21,22,0,0,2025-01-22 22:26:00,0,-1,
U_86_day21_h10,U_86,21,10,0,0,2025-01-22 10:01:00,0,-1,
U_87_day21_h19,U_87,21,19,0,0,2025-01-22 19:06:00,0,-1,
U_88_day21_h17,U_88,21,17,0,0,2025-01-22 17:25:00,0,-1,
U_89_day21_h0,U_89,21,0,0,0,2025-01-22 00:58:00,0,-1,
U_90_day21_h16,U_90,21,16,0,0,2025-01-22 16:19:00,0,-1,
U_91_day21_h15,U_91,21,15,0,0,2025-01-22 15:31:00,0,-1,
U_92_day21_h16,U_92,21,16,0,0,2025-01-22 16:19:00,0,-1,
U_93_day21_h11,U_93,21,11,0,0,2025-01-22 11:07:00,0,-1,
U_94_day21_h9,U_94,21,9,0,0,2025-01-22 09:27:00,0,-1,
U_95_day21_h12,U_95,21,12,0,0,2025-01-22 12:15:00,0,-1,
U_96_day21_h19,U_96,21,19,0,0,2025-01-22 19:17:00,0,-1,
U_97_day21_h16,U_97,21,16,0,0,2025-01-22 16:51:00,0,-1,
U_98_day21_h10,U_98,21,10,0,0,2025-01-22 10:52:00,1,1,2025-01-22 10:53:00
U_99_day21_h10,U_99,21,10,0,0,2025-01-22 10:40:00,1,2,2025-01-22 10:42:00
U_100_day21_h19,U_100,21,19,0,0,2025-01-22 19:03:00,0,-1,
U_1_day22_h17,U_1,22,17,1,0,2025-01-23 17:04:00,0,-1,
U_2_day22_h13,U_2,22,13,1,0,2025-01-23 13:29:00,0,-1,
U_3_day22_h23,U_3,22,23,1,0,2025-01-23 23:07:00,0,-1,
U_4_day22_h18,U_4,22,18,1,0,2025-01-23 18:17:00,1,14,2025-01-23 18:31:00
U_5_day22_h12,U_5,22,12,1,0,2025-01-23 12:03:00,0,-1,
U_6_day22_h13,U_6,22,13,1,0,2025-01-23 13:28:00,0,-1,
U_7_day22_h12,U_7,22,12,1,0,2025-01-23 12:50:00,1,74,2025-01-23 14:04:00
U_8_day22_h12,U_8,22,12,1,0,2025-01-23 12:44:00,0,-1,
U_9_day22_h17,U_9,22,17,1,0,2025-01-23 17:43:00,0,-1,
U_10_day22_h19,U_10,22,19,1,0,2025-01-23 19:21:00,1,3,2025-01-23 19:24:00
U_11_day22_h16,U_11,22,16,1,0,2025-01-23 16:43:00,1,20,2025-01-23 17:03:00
U_12_day22_h10,U_12,22,10,1,0,2025-01-23 10:44:00,1,4,2025-01-23 10:48:00
U_13_day22_h11,U_13,22,11,1,0,2025-01-23 11:35:00,0,-1,
U_14_day22_h21,U_14,22,21,1,0,2025-01-23 21:21:00,1,4,2025-01-23 21:25:00
U_15_day22_h14,U_15,22,14,1,0,2025-01-23 14:33:00,1,25,2025-01-23 14:58:00
U_16_day22_h19,U_16,22,19,1,0,2025-01-23 19:37:00,1,42,2025-01-23 20:19:00
U_17_day22_h22,U_17,22,22,1,0,2025-01-23 22:45:00,0,-1,
U_18_day22_h12,U_18,22,12,1,0,2025-01-23 12:56:00,0,-1,
U_19_day22_h9,U_19,22,9,1,0,2025-01-23 09:33:00,1,82,2025-01-23 10:55:00
U_20_day22_h13,U_20,22,13,1,0,2025-01-23 13:35:00,0,-1,
U_21_day22_h18,U_21,22,18,1,0,2025-01-23 18:35:00,0,-1,
U_22_day22_h7,U_22,22,7,1,0,2025-01-23 07:30:00,0,-1,
U_23_day22_h17,U_23,22,17,1,0,2025-01-23 17:52:00,1,9,2025-01-23 18:01:00
U_24_day22_h17,U_24,22,17,1,0,2025-01-23 17:55:00,1,6,2025-01-23 18:01:00
U_25_day22_h14,U_25,22,14,1,0,2025-01-23 14:45:00,0,-1,
U_26_day22_h22,U_26,22,22,1,0,2025-01-23 22:32:00,0,-1,
U_27_day22_h18,U_27,22,18,1,0,2025-01-23 18:29:00,1,442,2025-01-24 01:51:00
U_28_day22_h20,U_28,22,20,1,0,2025-01-23 20:10:00,0,-1,
U_29_day22_h17,U_29,22,17,1,0,2025-01-23 17:13:00,0,-1,
U_30_day22_h8,U_30,22,8,1,0,2025-01-23 08:19:00,0,-1,
U_31_day22_h10,U_31,22,10,1,0,2025-01-23 10:23:00,0,-1,
U_32_day22_h19,U_32,22,19,1,0,2025-01-23 19:06:00,0,-1,
U_33_day22_h14,U_33,22,14,1,0,2025-01-23 14:12:00,1,42,2025-01-23 14:54:00
U_34_day22_h10,U_34,22,10,1,0,2025-01-23 10:47:00,1,6,2025-01-23 10:53:00
U_35_day22_h17,U_35,22,17,1,0,2025-01-23 17:06:00,0,-1,
U_36_day22_h9,U_36,22,9,1,0,2025-01-23 09:25:00,1,29,2025-01-23 09:54:00
U_37_day22_h16,U_37,22,16,1,0,2025-01-23 16:24:00,0,-1,
U_38_day22_h8,U_38,22,8,1,0,2025-01-23 08:09:00,1,1,2025-01-23 08:10:00
U_39_day22_h9,U_39,22,9,1,0,2025-01-23 09:01:00,0,-1,
U_40_day22_h19,U_40,22,19,1,0,2025-01-23 19:27:00,0,-1,
U_41_day22_h9,U_41,22,9,1,0,2025-01-23 09:26:00,0,-1,
U_42_day22_h15,U_42,22,15,1,0,2025-01-23 15:54:00,0,-1,
U_43_day22_h21,U_43,22,21,1,0,2025-01-23 21:55:00,0,-1,
U_44_day22_h15,U_44,22,15,1,0,2025-01-23 15:41:00,0,-1,
U_45_day22_h21,U_45,22,21,1,0,2025-01-23 21:00:00,0,-1,
U_46_day22_h11,U_46,22,11,1,0,2025-01-23 11:44:00,0,-1,
U_47_day22_h17,U_47,22,17,1,0,2025-01-23 17:34:00,0,-1,
U_48_day22_h12,U_48,22,12,1,0,2025-01-23 12:44:00,0,-1,
U_49_day22_h10,U_49,22,10,1,0,2025-01-23 10:27:00,0,-1,
U_50_day22_h19,U_50,22,19,1,0,2025-01-23 19:20:00,0,-1,
U_51_day22_h15,U_51,22,15,1,0,2025-01-23 15:30:00,0,-1,
U_52_day22_h19,U_52,22,19,1,0,2025-01-23 19:13:00,1,5,2025-01-23 19:18:00
U_53_day22_h14,U_53,22,14,1,0,2025-01-23 14:45:00,0,-1,
U_54_day22_h2,U_54,22,2,1,0,2025-01-23 02:21:00,0,-1,
U_55_day22_h21,U_55,22,21,1,0,2025-01-23 21:08:00,0,-1,
U_56_day22_h18,U_56,22,18,1,0,2025-01-23 18:32:00,1,44,2025-01-23 19:16:00
U_57_day22_h6,U_57,22,6,1,0,2025-01-23 06:42:00,0,-1,
U_58_day22_h23,U_58,22,23,1,0,2025-01-23 23:25:00,0,-1,
U_59_day22_h11,U_59,22,11,1,0,2025-01-23 11:17:00,0,-1,
U_60_day22_h16,U_60,22,16,1,0,2025-01-23 16:22:00,0,-1,
U_61_day22_h22,U_61,22,22,1,0,2025-01-23 22:48:00,0,-1,
U_62_day22_h9,U_62,22,9,1,0,2025-01-23 09:01:00,1,8,2025-01-23 09:09:00
U_63_day22_h19,U_63,22,19,1,0,2025-01-23 19:03:00,0,-1,
U_64_day22_h23,U_64,22,23,1,0,2025-01-23 23:28:00,0,-1,
U_65_day22_h9,U_65,22,9,1,0,2025-01-23 09:08:00,0,-1,
U_66_day22_h19,U_66,22,19,1,0,2025-01-23 19:32:00,1,5,2025-01-23 19:37:00
U_67_day22_h19,U_67,22,19,1,0,2025-01-23 19:03:00,0,-1,
U_68_day22_h7,U_68,22,7,1,0,2025-01-23 07:22:00,0,-1,
U_69_day22_h17,U_69,22,17,1,0,2025-01-23 17:36:00,0,-1,
U_70_day22_h6,U_70,22,6,1,0,2025-01-23 06:03:00,0,-1,
U_71_day22_h19,U_71,22,19,1,0,2025-01-23 19:45:00,0,-1,
U_72_day22_h16,U_72,22,16,1,0,2025-01-23 16:08:00,0,-1,
U_73_day22_h19,U_73,22,19,1,0,2025-01-23 19:25:00,1,7,2025-01-23 19:32:00
U_74_day22_h19,U_74,22,19,1,0,2025-01-23 19:52:00,0,-1,
U_75_day22_h10,U_75,22,10,1,0,2025-01-23 10:20:00,0,-1,
U_76_day22_h16,U_76,22,16,1,0,2025-01-23 16:57:00,0,-1,
U_77_day22_h15,U_77,22,15,1,0,2025-01-23 15:59:00,0,-1,
U_78_day22_h12,U_78,22,12,1,0,2025-01-23 12:14:00,1,78,2025-01-23 13:32:00
U_79_day22_h16,U_79,22,16,1,0,2025-01-23 16:49:00,0,-1,
U_80_day22_h20,U_80,22,20,1,0,2025-01-23 20:56:00,1,7,2025-01-23 21:03:00
U_81_day22_h20,U_81,22,20,1,0,2025-01-23 20:30:00,1,19,2025-01-23 20:49:00
U_82_day22_h12,U_82,22,12,1,0,2025-01-23 12:45:00,1,6,2025-01-23 12:51:00
U_83_day22_h7,U_83,22,7,1,0,2025-01-23 07:34:00,0,-1,
U_84_day22_h18,U_84,22,18,1,0,2025-01-23 18:10:00,0,-1,
U_85_day22_h8,U_85,22,8,1,0,2025-01-23 08:59:00,0,-1,
U_86_day22_h11,U_86,22,11,1,0,2025-01-23 11:18:00,0,-1,
U_87_day22_h21,U_87,22,21,1,0,2025-01-23 21:05:00,1,9,2025-01-23 21:14:00
U_88_day22_h19,U_88,22,19,1,0,2025-01-23 19:48:00,0,-1,
U_89_day22_h19,U_89,22,19,1,0,2025-01-23 19:51:00,1,1,2025-01-23 19:52:00
U_90_day22_h8,U_90,22,8,1,0,2025-01-23 08:05:00,1,5,2025-01-23 08:10:00
U_91_day22_h17,U_91,22,17,1,0,2025-01-23 17:49:00,0,-1,
U_92_day22_h20,U_92,22,20,1,0,2025-01-23 20:04:00,0,-1,
U_93_day22_h15,U_93,22,15,1,0,2025-01-23 15:06:00,0,-1,
U_94_day22_h8,U_94,22,8,1,0,2025-01-23 08:22:00,1,2,2025-01-23 08:24:00
U_95_day22_h16,U_95,22,16,1,0,2025-01-23 16:24:00,0,-1,
U_96_day22_h15,U_96,22,15,1,0,2025-01-23 15:34:00,0,-1,
U_97_day22_h11,U_97,22,11,1,0,2025-01-23 11:02:00,0,-1,
U_98_day22_h13,U_98,22,13,1,0,2025-01-23 13:32:00,0,-1,
U_99_day22_h10,U_99,22,10,1,0,2025-01-23 10:12:00,1,2,2025-01-23 10:14:00
U_100_day22_h16,U_100,22,16,1,0,2025-01-23 16:39:00,1,11,2025-01-23 16:50:00
U_1_day23_h15,U_1,23,15,2,0,2025-01-24 15:55:00,0,-1,
U_2_day23_h10,U_2,23,10,2,0,2025-01-24 10:25:00,0,-1,
U_3_day23_h13,U_3,23,13,2,0,2025-01-24 13:03:00,1,21,2025-01-24 13:24:00
U_4_day23_h9,U_4,23,9,2,0,2025-01-24 09:46:00,0,-1,
U_5_day23_h12,U_5,23,12,2,0,2025-01-24 12:03:00,1,51,2025-01-24 12:54:00
U_6_day23_h8,U_6,23,8,2,0,2025-01-24 08:54:00,0,-1,
U_7_day23_h18,U_7,23,18,2,0,2025-01-24 18:22:00,0,-1,
U_8_day23_h23,U_8,23,23,2,0,2025-01-24 23:58:00,0,-1,
U_9_day23_h8,U_9,23,8,2,0,2025-01-24 08:58:00,1,71,2025-01-24 10:09:00
U_10_day23_h22,U_10,23,22,2,0,2025-01-24 22:03:00,1,3,2025-01-24 22:06:00
U_11_day23_h7,U_11,23,7,2,0,2025-01-24 07:37:00,1,2,2025-01-24 07:39:00
U_12_day23_h18,U_12,23,18,2,0,2025-01-24 18:13:00,1,49,2025-01-24 19:02:00
U_13_day23_h14,U_13,23,14,2,0,2025-01-24 14:58:00,0,-1,
U_14_day23_h20,U_14,23,20,2,0,2025-01-24 20:46:00,1,2,2025-01-24 20:48:00
U_15_day23_h14,U_15,23,14,2,0,2025-01-24 14:03:00,1,5,2025-01-24 14:08:00
U_16_day23_h20,U_16,23,20,2,0,2025-01-24 20:45:00,1,1,2025-01-24 20:46:00
U_17_day23_h11,U_17,23,11,2,0,2025-01-24 11:05:00,0,-1,
U_18_day23_h11,U_18,23,11,2,0,2025-01-24 11:08:00,0,-1,
U_19_day23_h9,U_19,23,9,2,0,2025-01-24 09:50:00,0,-1,
U_20_day23_h18,U_20,23,18,2,0,2025-01-24 18:40:00,1,2,2025-01-24 18:42:00
U_21_day23_h12,U_21,23,12,2,0,2025-01-24 12:27:00,1,2,2025-01-24 12:29:00
U_22_day23_h10,U_22,23,10,2,0,2025-01-24 10:59:00,1,400,2025-01-24 17:39:00
U_23_day23_h12,U_23,23,12,2,0,2025-01-24 12:02:00,0,-1,
U_24_day23_h9,U_24,23,9,2,0,2025-01-24 09:59:00,0,-1,
U_25_day23_h17,U_25,23,17,2,0,2025-01-24 17:50:00,0,-1,
U_26_day23_h17,U_26,23,17,2,0,2025-01-24 17:20:00,0,-1,
U_27_day23_h13,U_27,23,13,2,0,2025-01-24 13:02:00,0,-1,
U_28_day23_h21,U_28,23,21,2,0,2025-01-24 21:42:00,0,-1,
U_29_day23_h18,U_29,23,18,2,0,2025-01-24 18:55:00,0,-1,
U_30_day23_h10,U_30,23,10,2,0,2025-01-24 10:06:00,0,-1,
U_31_day23_h9,U_31,23,9,2,0,2025-01-24 09:04:00,0,-1,
U_32_day23_h9,U_32,23,9,2,0,2025-01-24 09:32:00,0,-1,
U_33_day23_h16,U_33,23,16,2,0,2025-01-24 16:22:00,1,1,2025-01-24 16:23:00
U_34_day23_h7,U_34,23,7,2,0,2025-01-24 07:34:00,1,12,2025-01-24 07:46:00
U_35_day23_h22,U_35,23,22,2,0,2025-01-24 22:26:00,0,-1,
U_36_day23_h16,U_36,23,16,2,0,2025-01-24 16:54:00,0,-1,
U_37_day23_h22,U_37,23,22,2,0,2025-01-24 22:49:00,0,-1,
U_38_day23_h21,U_38,23,21,2,0,2025-01-24 21:01:00,0,-1,
U_39_day23_h13,U_39,23,13,2,0,2025-01-24 13:58:00,0,-1,
U_40_day23_h14,U_40,23,14,2,0,2025-01-24 14:48:00,0,-1,
U_41_day23_h18,U_41,23,18,2,0,2025-01-24 18:08:00,0,-1,
U_42_day23_h12,U_42,23,12,2,0,2025-01-24 12:46:00,0,-1,
U_43_day23_h8,U_43,23,8,2,0,2025-01-24 08:54:00,0,-1,
U_44_day23_h9,U_44,23,9,2,0,2025-01-24 09:41:00,1,3,2025-01-24 09:44:00
U_45_day23_h20,U_45,23,20,2,0,2025-01-24 20:16:00,0,-1,
U_46_day23_h9,U_46,23,9,2,0,2025-01-24 09:43:00,0,-1,
U_47_day23_h14,U_47,23,14,2,0,2025-01-24 14:48:00,0,-1,
U_48_day23_h23,U_48,23,23,2,0,2025-01-24 23:01:00,0,-1,
U_49_day23_h20,U_49,23,20,2,0,2025-01-24 20:54:00,1,0,2025-01-24 20:54:00
U_50_day23_h8,U_50,23,8,2,0,2025-01-24 08:47:00,1,59,2025-01-24 09:46:00
U_51_day23_h15,U_51,23,15,2,0,2025-01-24 15:56:00,0,-1,
U_52_day23_h10,U_52,23,10,2,0,2025-01-24 10:01:00,0,-1,
U_53_day23_h20,U_53,23,20,2,0,2025-01-24 20:37:00,0,-1,
U_54_day23_h5,U_54,23,5,2,0,2025-01-24 05:08:00,0,-1,
U_55_day23_h4,U_55,23,4,2,0,2025-01-24 04:46:00,0,-1,
U_56_day23_h17,U_56,23,17,2,0,2025-01-24 17:21:00,0,-1,
U_57_day23_h9,U_57,23,9,2,0,2025-01-24 09:34:00,0,-1,
U_58_day23_h13,U_58,23,13,2,0,2025-01-24 13:31:00,1,1,2025-01-24 13:32:00
U_59_day23_h15,U_59,23,15,2,0,2025-01-24 15:47:00,0,-1,
U_60_day23_h20,U_60,23,20,2,0,2025-01-24 20:46:00,0,-1,
U_61_day23_h10,U_61,23,10,2,0,2025-01-24 10:13:00,0,-1,
U_62_day23_h19,U_62,23,19,2,0,2025-01-24 19:36:00,0,-1,
U_63_day23_h17,U_63,23,17,2,0,2025-01-24 17:13:00,0,-1,
U_64_day23_h17,U_64,23,17,2,0,2025-01-24 17:33:00,0,-1,
U_65_day23_h9,U_65,23,9,2,0,2025-01-24 09:23:00,0,-1,
U_66_day23_h14,U_66,23,14,2,0,2025-01-24 14:48:00,1,11,2025-01-24 14:59:00
U_67_day23_h21,U_67,23,21,2,0,2025-01-24 21:19:00,1,8,2025-01-24 21:27:00
U_68_day23_h19,U_68,23,19,2,0,2025-01-24 19:48:00,0,-1,
U_69_day23_h9,U_69,23,9,2,0,2025-01-24 09:30:00,1,37,2025-01-24 10:07:00
U_70_day23_h18,U_70,23,18,2,0,2025-01-24 18:02:00,0,-1,
U_71_day23_h14,U_71,23,14,2,0,2025-01-24 14:54:00,0,-1,
U_72_day23_h22,U_72,23,22,2,0,2025-01-24 22:40:00,1,28,2025-01-24 23:08:00
U_73_day23_h17,U_73,23,17,2,0,2025-01-24 17:30:00,0,-1,
U_74_day23_h17,U_74,23,17,2,0,2025-01-24 17:46:00,0,-1,
U_75_day23_h10,U_75,23,10,2,0,2025-01-24 10:23:00,0,-1,
U_76_day23_h21,U_76,23,21,2,0,2025-01-24 21:05:00,0,-1,
U_77_day23_h11,U_77,23,11,2,0,2025-01-24 11:36:00,0,-1,
U_78_day23_h9,U_78,23,9,2,0,2025-01-24 09:51:00,1,1,2025-01-24 09:52:00
U_79_day23_h17,U_79,23,17,2,0,2025-01-24 17:23:00,0,-1,
U_80_day23_h7,U_80,23,7,2,0,2025-01-24 07:00:00,0,-1,
U_81_day23_h13,U_81,23,13,2,0,2025-01-24 13:44:00,0,-1,
U_82_day23_h14,U_82,23,14,2,0,2025-01-24 14:51:00,0,-1,
U_83_day23_h23,U_83,23,23,2,0,2025-01-24 23:19:00,1,5,2025-01-24 23:24:00
U_84_day23_h12,U_84,23,12,2,0,2025-01-24 12:54:00,0,-1,
U_85_day23_h17,U_85,23,17,2,0,2025-01-24 17:40:00,0,-1,
U_86_day23_h21,U_86,23,21,2,0,2025-01-24 21:43:00,0,-1,
U_87_day23_h13,U_87,23,13,2,0,2025-01-24 13:55:00,0,-1,
U_88_day23_h13,U_88,23,13,2,0,2025-01-24 13:57:00,1,3,2025-01-24 14:00:00
U_89_day23_h22,U_89,23,22,2,0,2025-01-24 22:02:00,0,-1,
U_90_day23_h19,U_90,23,19,2,0,2025-01-24 19:31:00,0,-1,
U_91_day23_h10,U_91,23,10,2,0,2025-01-24 10:44:00,1,8,2025-01-24 10:52:00
U_92_day23_h6,U_92,23,6,2,0,2025-01-24 06:10:00,0,-1,
U_93_day23_h12,U_93,23,12,2,0,2025-01-24 12:41:00,0,-1,
U_94_day23_h8,U_94,23,8,2,0,2025-01-24 08:47:00,1,3,2025-01-24 08:50:00
U_95_day23_h15,U_95,23,15,2,0,2025-01-24 15:38:00,0,-1,
U_96_day23_h9,U_96,23,9,2,0,2025-01-24 09:46:00,0,-1,
U_97_day23_h15,U_97,23,15,2,0,2025-01-24 15:58:00,0,-1,
U_98_day23_h13,U_98,23,13,2,0,2025-01-24 13:19:00,1,3,2025-01-24 13:22:00
U_99_day23_h9,U_99,23,9,2,0,2025-01-24 09:57:00,1,34,2025-01-24 10:31:00
U_100_day23_h12,U_100,23,12,2,0,2025-01-24 12:11:00,0,-1,
U_1_day24_h9,U_1,24,9,3,0,2025-01-25 09:57:00,0,-1,
U_2_day24_h18,U_2,24,18,3,0,2025-01-25 18:42:00,0,-1,
U_3_day24_h10,U_3,24,10,3,0,2025-01-25 10:23:00,1,9,2025-01-25 10:32:00
U_4_day24_h13,U_4,24,13,3,0,2025-01-25 13:29:00,0,-1,
U_5_day24_h5,U_5,24,5,3,0,2025-01-25 05:57:00,0,-1,
U_6_day24_h15,U_6,24,15,3,0,2025-01-25 15:29:00,0,-1,
U_7_day24_h20,U_7,24,20,3,0,2025-01-25 20:09:00,1,6,2025-01-25 20:15:00
U_8_day24_h22,U_8,24,22,3,0,2025-01-25 22:38:00,0,-1,
U_9_day24_h15,U_9,24,15,3,0,2025-01-25 15:50:00,0,-1,
U_10_day24_h23,U_10,24,23,3,0,2025-01-25 23:15:00,0,-1,
U_11_day24_h1,U_11,24,1,3,0,2025-01-25 01:16:00,0,-1,
U_12_day24_h9,U_12,24,9,3,0,2025-01-25 09:34:00,0,-1,
U_13_day24_h9,U_13,24,9,3,0,2025-01-25 09:13:00,0,-1,
U_14_day24_h16,U_14,24,16,3,0,2025-01-25 16:46:00,1,0,2025-01-25 16:46:00
U_15_day24_h12,U_15,24,12,3,0,2025-01-25 12:55:00,1,1,2025-01-25 12:56:00
U_16_day24_h19,U_16,24,19,3,0,2025-01-25 19:51:00,1,7,2025-01-25 19:58:00
U_17_day24_h19,U_17,24,19,3,0,2025-01-25 19:33:00,0,-1,
U_18_day24_h20,U_18,24,20,3,0,2025-01-25 20:52:00,0,-1,
U_19_day24_h16,U_19,24,16,3,0,2025-01-25 16:07:00,0,-1,
U_20_day24_h17,U_20,24,17,3,0,2025-01-25 17:34:00,0,-1,
U_21_day24_h9,U_21,24,9,3,0,2025-01-25 09:40:00,1,57,2025-01-25 10:37:00
U_22_day24_h14,U_22,24,14,3,0,2025-01-25 14:01:00,1,2,2025-01-25 14:03:00
U_23_day24_h14,U_23,24,14,3,0,2025-01-25 14:44:00,0,-1,
U_24_day24_h1,U_24,24,1,3,0,2025-01-25 01:40:00,0,-1,
U_25_day24_h16,U_25,24,16,3,0,2025-01-25 16:02:00,0,-1,
U_26_day24_h17,U_26,24,17,3,0,2025-01-25 17:35:00,0,-1,
U_27_day24_h13,U_27,24,13,3,0,2025-01-25 13:11:00,0,-1,
U_28_day24_h16,U_28,24,16,3,0,2025-01-25 16:29:00,1,2,2025-01-25 16:31:00
U_29_day24_h13,U_29,24,13,3,0,2025-01-25 13:41:00,1,0,2025-01-25 13:41:00
U_30_day24_h14,U_30,24,14,3,0,2025-01-25 14:23:00,0,-1,
U_31_day24_h9,U_31,24,9,3,0,2025-01-25 09:06:00,0,-1,
U_32_day24_h9,U_32,24,9,3,0,2025-01-25 09:44:00,1,5,2025-01-25 09:49:00
U_33_day24_h0,U_33,24,0,3,0,2025-01-25 00:27:00,0,-1,
U_34_day24_h12,U_34,24,12,3,0,2025-01-25 12:49:00,1,34,2025-01-25 13:23:00
U_35_day24_h9,U_35,24,9,3,0,2025-01-25 09:43:00,0,-1,
U_36_day24_h8,U_36,24,8,3,0,2025-01-25 08:41:00,0,-1,
U_37_day24_h13,U_37,24,13,3,0,2025-01-25 13:15:00,1,11,2025-01-25 13:26:00
U_38_day24_h9,U_38,24,9,3,0,2025-01-25 09:39:00,0,-1,
U_39_day24_h21,U_39,24,21,3,0,2025-01-25 21:00:00,0,-1,
U_40_day24_h14,U_40,24,14,3,0,2025-01-25 14:38:00,0,-1,
U_41_day24_h9,U_41,24,9,3,0,2025-01-25 09:42:00,0,-1,
U_42_day24_h6,U_42,24,6,3,0,2025-01-25 06:12:00,0,-1,
U_43_day24_h13,U_43,24,13,3,0,2025-01-25 13:27:00,0,-1,
U_44_day24_h8,U_44,24,8,3,0,2025-01-25 08:56:00,0,-1,
U_45_day24_h12,U_45,24,12,3,0,2025-01-25 12:45:00,1,67,2025-01-25 13:52:00
U_46_day24_h12,U_46,24,12,3,0,2025-01-25 12:29:00,0,-1,
U_47_day24_h16,U_47,24,16,3,0,2025-01-25 16:21:00,1,9,2025-01-25 16:30:00
U_48_day24_h11,U_48,24,11,3,0,2025-01-25 11:02:00,0,-1,
U_49_day24_h8,U_49,24,8,3,0,2025-01-25 08:50:00,0,-1,
U_50_day24_h19,U_50,24,19,3,0,2025-01-25 19:29:00,0,-1,
U_51_day24_h16,U_51,24,16,3,0,2025-01-25 16:01:00,0,-1,
U_52_day24_h22,U_52,24,22,3,0,2025-01-25 22:28:00,1,8,2025-01-25 22:36:00
U_53_day24_h8,U_53,24,8,3,0,2025-01-25 08:19:00,1,2,2025-01-25 08:21:00
U_54_day24_h11,U_54,24,11,3,0,2025-01-25 11:45:00,0,-1,
U_55_day24_h8,U_55,24,8,3,0,2025-01-25 08:16:00,0,-1,
U_56_day24_h1,U_56,24,1,3,0,2025-01-25 01:55:00,0,-1,
U_57_day24_h14,U_57,24,14,3,0,2025-01-25 14:51:00,0,-1,
U_58_day24_h13,U_58,24,13,3,0,2025-01-25 13:29:00,0,-1,
U_59_day24_h11,U_59,24,11,3,0,2025-01-25 11:13:00,0,-1,
U_60_day24_h6,U_60,24,6,3,0,2025-01-25 06:04:00,0,-1,
U_61_day24_h15,U_61,24,15,3,0,2025-01-25 15:01:00,1,0,2025-01-25 15:01:00
U_62_day24_h15,U_62,24,15,3,0,2025-01-25 15:05:00,0,-1,
U_63_day24_h21,U_63,24,21,3,0,2025-01-25 21:50:00,0,-1,
U_64_day24_h20,U_64,24,20,3,0,2025-01-25 20:26:00,0,-1,
U_65_day24_h16,U_65,24,16,3,0,2025-01-25 16:37:00,0,-1,
U_66_day24_h18,U_66,24,18,3,0,2025-01-25 18:35:00,1,4,2025-01-25 18:39:00
U_67_day24_h13,U_67,24,13,3,0,2025-01-25 13:24:00,0,-1,
U_68_day24_h7,U_68,24,7,3,0,2025-01-25 07:03:00,1,7,2025-01-25 07:10:00
U_69_day24_h13,U_69,24,13,3,0,2025-01-25 13:22:00,0,-1,
U_70_day24_h10,U_70,24,10,3,0,2025-01-25 10:59:00,0,-1,
U_71_day24_h21,U_71,24,21,3,0,2025-01-25 21:02:00,0,-1,
U_72_day24_h20,U_72,24,20,3,0,2025-01-25 20:07:00,0,-1,
U_73_day24_h18,U_73,24,18,3,0,2025-01-25 18:50:00,1,1,2025-01-25 18:51:00
U_74_day24_h23,U_74,24,23,3,0,2025-01-25 23:02:00,0,-1,
U_75_day24_h19,U_75,24,19,3,0,2025-01-25 19:24:00,1,3,2025-01-25 19:27:00
U_76_day24_h22,U_76,24,22,3,0,2025-01-25 22:48:00,0,-1,
U_77_day24_h21,U_77,24,21,3,0,2025-01-25 21:54:00,0,-1,
U_78_day24_h17,U_78,24,17,3,0,2025-01-25 17:12:00,1,3,2025-01-25 17:15:00
U_79_day24_h21,U_79,24,21,3,0,2025-01-25 21:01:00,0,-1,
U_80_day24_h21,U_80,24,21,3,0,2025-01-25 21:00:00,1,5,2025-01-25 21:05:00
U_81_day24_h0,U_81,24,0,3,0,2025-01-25 00:58:00,1,1,2025-01-25 00:59:00
U_82_day24_h11,U_82,24,11,3,0,2025-01-25 11:35:00,0,-1,
U_83_day24_h7,U_83,24,7,3,0,2025-01-25 07:41:00,0,-1,
U_84_day24_h17,U_84,24,17,3,0,2025-01-25 17:19:00,0,-1,
U_85_day24_h12,U_85,24,12,3,0,2025-01-25 12:34:00,0,-1,
U_86_day24_h21,U_86,24,21,3,0,2025-01-25 21:51:00,0,-1,
U_87_day24_h13,U_87,24,13,3,0,2025-01-25 13:43:00,0,-1,
U_88_day24_h12,U_88,24,12,3,0,2025-01-25 12:15:00,0,-1,
U_89_day24_h21,U_89,24,21,3,0,2025-01-25 21:19:00,1,5,2025-01-25 21:24:00
U_90_day24_h10,U_90,24,10,3,0,2025-01-25 10:08:00,1,10,2025-01-25 10:18:00
U_91_day24_h8,U_91,24,8,3,0,2025-01-25 08:50:00,1,5,2025-01-25 08:55:00
U_92_day24_h7,U_92,24,7,3,0,2025-01-25 07:48:00,1,6,2025-01-25 07:54:00
U_93_day24_h23,U_93,24,23,3,0,2025-01-25 23:25:00,0,-1,
U_94_day24_h17,U_94,24,17,3,0,2025-01-25 17:23:00,1,92,2025-01-25 18:55:00
U_95_day24_h9,U_95,24,9,3,0,2025-01-25 09:10:00,0,-1,
U_96_day24_h18,U_96,24,18,3,0,2025-01-25 18:04:00,0,-1,
U_97_day24_h14,U_97,24,14,3,0,2025-01-25 14:37:00,0,-1,
U_98_day24_h10,U_98,24,10,3,0,2025-01-25 10:01:00,1,34,2025-01-25 10:35:00
U_99_day24_h21,U_99,24,21,3,0,2025-01-25 21:59:00,0,-1,
U_100_day24_h18,U_100,24,18,3,0,2025-01-25 18:59:00,0,-1,
U_1_day25_h12,U_1,25,12,4,0,2025-01-26 12:06:00,0,-1,
U_2_day25_h16,U_2,25,16,4,0,2025-01-26 16:55:00,0,-1,
U_3_day25_h17,U_3,25,17,4,0,2025-01-26 17:09:00,0,-1,
U_4_day25_h13,U_4,25,13,4,0,2025-01-26 13:33:00,0,-1,
U_5_day25_h9,U_5,25,9,4,0,2025-01-26 09:41:00,0,-1,
U_6_day25_h12,U_6,25,12,4,0,2025-01-26 12:32:00,0,-1,
U_7_day25_h21,U_7,25,21,4,0,2025-01-26 21:11:00,0,-1,
U_8_day25_h21,U_8,25,21,4,0,2025-01-26 21:28:00,0,-1,
U_9_day25_h21,U_9,25,21,4,0,2025-01-26 21:06:00,0,-1,
U_10_day25_h11,U_10,25,11,4,0,2025-01-26 11:55:00,0,-1,
U_11_day25_h6,U_11,25,6,4,0,2025-01-26 06:58:00,0,-1,
U_12_day25_h9,U_12,25,9,4,0,2025-01-26 09:50:00,0,-1,
U_13_day25_h23,U_13,25,23,4,0,2025-01-26 23:07:00,0,-1,
U_14_day25_h12,U_14,25,12,4,0,2025-01-26 12:30:00,0,-1,
U_15_day25_h6,U_15,25,6,4,0,2025-01-26 06:15:00,0,-1,
U_16_day25_h16,U_16,25,16,4,0,2025-01-26 16:34:00,1,3,2025-01-26 16:37:00
U_17_day25_h13,U_17,25,13,4,0,2025-01-26 13:09:00,0,-1,
U_18_day25_h17,U_18,25,17,4,0,2025-01-26 17:10:00,1,4,2025-01-26 17:14:00
U_19_day25_h13,U_19,25,13,4,0,2025-01-26 13:08:00,1,18,2025-01-26 13:26:00
U_20_day25_h7,U_20,25,7,4,0,2025-01-26 07:15:00,0,-1,
U_21_day25_h8,U_21,25,8,4,0,2025-01-26 08:05:00,0,-1,
U_22_day25_h16,U_22,25,16,4,0,2025-01-26 16:02:00,0,-1,
U_23_day25_h11,U_23,25,11,4,0,2025-01-26 11:19:00,0,-1,
U_24_day25_h20,U_24,25,20,4,0,2025-01-26 20:50:00,0,-1,
U_25_day25_h15,U_25,25,15,4,0,2025-01-26 15:15:00,0,-1,
U_26_day25_h9,U_26,25,9,4,0,2025-01-26 09:36:00,0,-1,
U_27_day25_h19,U_27,25,19,4,0,2025-01-26 19:58:00,0,-1,
U_28_day25_h11,U_28,25,11,4,0,2025-01-26 11:55:00,0,-1,
U_29_day25_h9,U_29,25,9,4,0,2025-01-26 09:50:00,1,32,2025-01-26 10:22:00
U_30_day25_h13,U_30,25,13,4,0,2025-01-26 13:09:00,0,-1,
U_31_day25_h21,U_31,25,21,4,0,2025-01-26 21:01:00,0,-1,
U_32_day25_h23,U_32,25,23,4,0,2025-01-26 23:57:00,0,-1,
U_33_day25_h22,U_33,25,22,4,0,2025-01-26 22:15:00,0,-1,
U_34_day25_h10,U_34,25,10,4,0,2025-01-26 10:58:00,0,-1,
U_35_day25_h9,U_35,25,9,4,0,2025-01-26 09:42:00,0,-1,
U_36_day25_h18,U_36,25,18,4,0,2025-01-26 18:19:00,0,-1,
U_37_day25_h13,U_37,25,13,4,0,2025-01-26 13:16:00,0,-1,
U_38_day25_h12,U_38,25,12,4,0,2025-01-26 12:25:00,0,-1,
U_39_day25_h23,U_39,25,23,4,0,2025-01-26 23:44:00,0,-1,
U_40_day25_h14,U_40,25,14,4,0,2025-01-26 14:00:00,0,-1,
U_41_day25_h16,U_41,25,16,4,0,2025-01-26 16:46:00,0,-1,
U_42_day25_h19,U_42,25,19,4,0,2025-01-26 19:47:00,0,-1,
U_43_day25_h9,U_43,25,9,4,0,2025-01-26 09:22:00,0,-1,
U_44_day25_h22,U_44,25,22,4,0,2025-01-26 22:31:00,0,-1,
U_45_day25_h19,U_45,25,19,4,0,2025-01-26 19:49:00,0,-1,
U_46_day25_h12,U_46,25,12,4,0,2025-01-26 12:58:00,0,-1,
U_47_day25_h11,U_47,25,11,4,0,2025-01-26 11:42:00,0,-1,
U_48_day25_h21,U_48,25,21,4,0,2025-01-26 21:56:00,0,-1,
U_49_day25_h12,U_49,25,12,4,0,2025-01-26 12:40:00,0,-1,
U_50_day25_h10,U_50,25,10,4,0,2025-01-26 10:18:00,1,0,2025-01-26 10:18:00
U_51_day25_h9,U_51,25,9,4,0,2025-01-26 09:47:00,0,-1,
U_52_day25_h17,U_52,25,17,4,0,2025-01-26 17:00:00,0,-1,
U_53_day25_h15,U_53,25,15,4,0,2025-01-26 15:05:00,0,-1,
U_54_day25_h10,U_54,25,10,4,0,2025-01-26 10:35:00,0,-1,
U_55_day25_h16,U_55,25,16,4,0,2025-01-26 16:25:00,1,4,2025-01-26 16:29:00
U_56_day25_h19,U_56,25,19,4,0,2025-01-26 19:48:00,0,-1,
U_57_day25_h20,U_57,25,20,4,0,2025-01-26 20:47:00,0,-1,
U_58_day25_h19,U_58,25,19,4,0,2025-01-26 19:06:00,0,-1,
U_59_day25_h18,U_59,25,18,4,0,2025-01-26 18:44:00,1,0,2025-01-26 18:44:00
U_60_day25_h10,U_60,25,10,4,0,2025-01-26 10:02:00,0,-1,
U_61_day25_h22,U_61,25,22,4,0,2025-01-26 22:07:00,1,3,2025-01-26 22:10:00
U_62_day25_h9,U_62,25,9,4,0,2025-01-26 09:47:00,0,-1,
U_63_day25_h18,U_63,25,18,4,0,2025-01-26 18:43:00,1,43,2025-01-26 19:26:00
U_64_day25_h19,U_64,25,19,4,0,2025-01-26 19:53:00,0,-1,
U_65_day25_h11,U_65,25,11,4,0,2025-01-26 11:55:00,0,-1,
U_66_day25_h11,U_66,25,11,4,0,2025-01-26 11:00:00,0,-1,
U_67_day25_h11,U_67,25,11,4,0,2025-01-26 11:20:00,0,-1,
U_68_day25_h17,U_68,25,17,4,0,2025-01-26 17:07:00,0,-1,
U_69_day25_h4,U_69,25,4,4,0,2025-01-26 04:11:00,0,-1,
U_70_day25_h16,U_70,25,16,4,0,2025-01-26 16:50:00,1,1,2025-01-26 16:51:00
U_71_day25_h13,U_71,25,13,4,0,2025-01-26 13:47:00,0,-1,
U_72_day25_h15,U_72,25,15,4,0,2025-01-26 15:28:00,0,-1,
U_73_day25_h7,U_73,25,7,4,0,2025-01-26 07:22:00,0,-1,
U_74_day25_h15,U_74,25,15,4,0,2025-01-26 15:18:00,0,-1,
U_75_day25_h23,U_75,25,23,4,0,2025-01-26 23:03:00,0,-1,
U_76_day25_h8,U_76,25,8,4,0,2025-01-26 08:46:00,0,-1,
U_77_day25_h11,U_77,25,11,4,0,2025-01-26 11:19:00,1,20,2025-01-26 11:39:00
U_78_day25_h10,U_78,25,10,4,0,2025-01-26 10:46:00,1,24,2025-01-26 11:10:00
U_79_day25_h17,U_79,25,17,4,0,2025-01-26 17:57:00,0,-1,
U_80_day25_h10,U_80,25,10,4,0,2025-01-26 10:26:00,1,39,2025-01-26 11:05:00
U_81_day25_h19,U_81,25,19,4,0,2025-01-26 19:12:00,0,-1,
U_82_day25_h15,U_82,25,15,4,0,2025-01-26 15:33:00,1,20,2025-01-26 15:53:00
U_83_day25_h13,U_83,25,13,4,0,2025-01-26 13:28:00,0,-1,
U_84_day25_h12,U_84,25,12,4,0,2025-01-26 12:00:00,1,10,2025-01-26 12:10:00
U_85_day25_h9,U_85,25,9,4,0,2025-01-26 09:59:00,0,-1,
U_86_day25_h7,U_86,25,7,4,0,2025-01-26 07:00:00,0,-1,
U_87_day25_h13,U_87,25,13,4,0,2025-01-26 13:54:00,0,-1,
U_88_day25_h12,U_88,25,12,4,0,2025-01-26 12:42:00,1,2,2025-01-26 12:44:00
U_89_day25_h14,U_89,25,14,4,0,2025-01-26 14:41:00,0,-1,
U_90_day25_h1,U_90,25,1,4,0,2025-01-26 01:08:00,0,-1,
U_91_day25_h13,U_91,25,13,4,0,2025-01-26 13:39:00,0,-1,
U_92_day25_h14,U_92,25,14,4,0,2025-01-26 14:37:00,0,-1,
U_93_day25_h15,U_93,25,15,4,0,2025-01-26 15:58:00,0,-1,
U_94_day25_h18,U_94,25,18,4,0,2025-01-26 18:16:00,1,0,2025-01-26 18:16:00
U_95_day25_h21,U_95,25,21,4,0,2025-01-26 21:16:00,0,-1,
U_96_day25_h21,U_96,25,21,4,0,2025-01-26 21:33:00,0,-1,
U_97_day25_h12,U_97,25,12,4,0,2025-01-26 12:31:00,1,8,2025-01-26 12:39:00
U_98_day25_h12,U_98,25,12,4,0,2025-01-26 12:54:00,0,-1,
U_99_day25_h9,U_99,25,9,4,0,2025-01-26 09:05:00,1,35,2025-01-26 09:40:00
U_100_day25_h12,U_100,25,12,4,0,2025-01-26 12:12:00,0,-1,
U_1_day26_h16,U_1,26,16,5,1,2025-01-27 16:16:00,0,-1,
U_2_day26_h8,U_2,26,8,5,1,2025-01-27 08:23:00,0,-1,
U_3_day26_h18,U_3,26,18,5,1,2025-01-27 18:32:00,0,-1,
U_4_day26_h10,U_4,26,10,5,1,2025-01-27 10:29:00,0,-1,
U_5_day26_h17,U_5,26,17,5,1,2025-01-27 17:41:00,1,8,2025-01-27 17:49:00
U_6_day26_h9,U_6,26,9,5,1,2025-01-27 09:47:00,0,-1,
U_7_day26_h18,U_7,26,18,5,1,2025-01-27 18:28:00,0,-1,
U_8_day26_h21,U_8,26,21,5,1,2025-01-27 21:36:00,0,-1,
U_9_day26_h8,U_9,26,8,5,1,2025-01-27 08:35:00,1,23,2025-01-27 08:58:00
U_10_day26_h9,U_10,26,9,5,1,2025-01-27 09:28:00,0,-1,
U_11_day26_h23,U_11,26,23,5,1,2025-01-27 23:43:00,1,2,2025-01-27 23:45:00
U_12_day26_h15,U_12,26,15,5,1,2025-01-27 15:14:00,0,-1,
U_13_day26_h8,U_13,26,8,5,1,2025-01-27 08:41:00,0,-1,
U_14_day26_h6,U_14,26,6,5,1,2025-01-27 06:10:00,0,-1,
U_15_day26_h21,U_15,26,21,5,1,2025-01-27 21:59:00,0,-1,
U_16_day26_h18,U_16,26,18,5,1,2025-01-27 18:38:00,1,1,2025-01-27 18:39:00
U_17_day26_h16,U_17,26,16,5,1,2025-01-27 16:12:00,0,-1,
U_18_day26_h18,U_18,26,18,5,1,2025-01-27 18:33:00,0,-1,
U_19_day26_h21,U_19,26,21,5,1,2025-01-27 21:35:00,0,-1,
U_20_day26_h19,U_20,26,19,5,1,2025-01-27 19:53:00,1,14,2025-01-27 20:07:00
U_21_day26_h16,U_21,26,16,5,1,2025-01-27 16:52:00,0,-1,
U_22_day26_h8,U_22,26,8,5,1,2025-01-27 08:01:00,0,-1,
U_23_day26_h21,U_23,26,21,5,1,2025-01-27 21:01:00,1,0,2025-01-27 21:01:00
U_24_day26_h22,U_24,26,22,5,1,2025-01-27 22:17:00,0,-1,
U_25_day26_h18,U_25,26,18,5,1,2025-01-27 18:57:00,0,-1,
U_26_day26_h12,U_26,26,12,5,1,2025-01-27 12:54:00,0,-1,
U_27_day26_h8,U_27,26,8,5,1,2025-01-27 08:00:00,0,-1,
U_28_day26_h18,U_28,26,18,5,1,2025-01-27 18:03:00,0,-1,
U_29_day26_h17,U_29,26,17,5,1,2025-01-27 17:54:00,0,-1,
U_30_day26_h20,U_30,26,20,5,1,2025-01-27 20:59:00,0,-1,
U_31_day26_h17,U_31,26,17,5,1,2025-01-27 17:31:00,0,-1,
U_32_day26_h13,U_32,26,13,5,1,2025-01-27 13:54:00,0,-1,
U_33_day26_h15,U_33,26,15,5,1,2025-01-27 15:57:00,0,-1,
U_34_day26_h15,U_34,26,15,5,1,2025-01-27 15:06:00,0,-1,
U_35_day26_h9,U_35,26,9,5,1,2025-01-27 09:18:00,0,-1,
U_36_day26_h8,U_36,26,8,5,1,2025-01-27 08:51:00,0,-1,
U_37_day26_h14,U_37,26,14,5,1,2025-01-27 14:45:00,1,12,2025-01-27 14:57:00
U_38_day26_h18,U_38,26,18,5,1,2025-01-27 18:34:00,0,-1,
U_39_day26_h22,U_39,26,22,5,1,2025-01-27 22:03:00,0,-1,
U_40_day26_h16,U_40,26,16,5,1,2025-01-27 16:54:00,0,-1,
U_41_day26_h19,U_41,26,19,5,1,2025-01-27 19:06:00,1,10,2025-01-27 19:16:00
U_42_day26_h10,U_42,26,10,5,1,2025-01-27 10:17:00,0,-1,
U_43_day26_h8,U_43,26,8,5,1,2025-01-27 08:45:00,0,-1,
U_44_day26_h8,U_44,26,8,5,1,2025-01-27 08:39:00,1,9,2025-01-27 08:48:00
U_45_day26_h20,U_45,26,20,5,1,2025-01-27 20:00:00,0,-1,
U_46_day26_h8,U_46,26,8,5,1,2025-01-27 08:08:00,0,-1,
U_47_day26_h1,U_47,26,1,5,1,2025-01-27 01:50:00,0,-1,
U_48_day26_h10,U_48,26,10,5,1,2025-01-27 10:56:00,1,15,2025-01-27 11:11:00
U_49_day26_h18,U_49,26,18,5,1,2025-01-27 18:42:00,0,-1,
U_50_day26_h8,U_50,26,8,5,1,2025-01-27 08:32:00,0,-1,
U_51_day26_h20,U_51,26,20,5,1,2025-01-27 20:44:00,1,5,2025-01-27 20:49:00
U_52_day26_h10,U_52,26,10,5,1,2025-01-27 10:30:00,0,-1,
U_53_day26_h18,U_53,26,18,5,1,2025-01-27 18:29:00,0,-1,
U_54_day26_h19,U_54,26,19,5,1,2025-01-27 19:14:00,0,-1,
U_55_day26_h7,U_55,26,7,5,1,2025-01-27 07:52:00,1,15,2025-01-27 08:07:00
U_56_day26_h8,U_56,26,8,5,1,2025-01-27 08:46:00,0,-1,
U_57_day26_h15,U_57,26,15,5,1,2025-01-27 15:39:00,0,-1,
U_58_day26_h16,U_58,26,16,5,1,2025-01-27 16:51:00,0,-1,
U_59_day26_h19,U_59,26,19,5,1,2025-01-27 19:14:00,1,1,2025-01-27 19:15:00
U_60_day26_h21,U_60,26,21,5,1,2025-01-27 21:25:00,0,-1,
U_61_day26_h10,U_61,26,10,5,1,2025-01-27 10:27:00,0,-1,
U_62_day26_h8,U_62,26,8,5,1,2025-01-27 08:29:00,1,1,2025-01-27 08:30:00
U_63_day26_h20,U_63,26,20,5,1,2025-01-27 20:31:00,0,-1,
U_64_day26_h9,U_64,26,9,5,1,2025-01-27 09:33:00,0,-1,
U_65_day26_h16,U_65,26,16,5,1,2025-01-27 16:26:00,0,-1,
U_66_day26_h18,U_66,26,18,5,1,2025-01-27 18:38:00,1,4,2025-01-27 18:42:00
U_67_day26_h20,U_67,26,20,5,1,2025-01-27 20:17:00,1,13,2025-01-27 20:30:00
U_68_day26_h13,U_68,26,13,5,1,2025-01-27 13:21:00,0,-1,
U_69_day26_h20,U_69,26,20,5,1,2025-01-27 20:25:00,0,-1,
U_70_day26_h18,U_70,26,18,5,1,2025-01-27 18:45:00,0,-1,
U_71_day26_h13,U_71,26,13,5,1,2025-01-27 13:56:00,1,3,2025-01-27 13:59:00
U_72_day26_h7,U_72,26,7,5,1,2025-01-27 07:26:00,0,-1,
U_73_day26_h13,U_73,26,13,5,1,2025-01-27 13:11:00,1,4,2025-01-27 13:15:00
U_74_day26_h13,U_74,26,13,5,1,2025-01-27 13:41:00,0,-1,
U_75_day26_h12,U_75,26,12,5,1,2025-01-27 12:53:00,0,-1,
U_76_day26_h18,U_76,26,18,5,1,2025-01-27 18:50:00,0,-1,
U_77_day26_h17,U_77,26,17,5,1,2025-01-27 17:57:00,0,-1,
U_78_day26_h13,U_78,26,13,5,1,2025-01-27 13:20:00,0,-1,
U_79_day26_h18,U_79,26,18,5,1,2025-01-27 18:08:00,0,-1,
U_80_day26_h16,U_80,26,16,5,1,2025-01-27 16:16:00,1,49,2025-01-27 17:05:00
U_81_day26_h22,U_81,26,22,5,1,2025-01-27 22:02:00,1,20,2025-01-27 22:22:00
U_82_day26_h14,U_82,26,14,5,1,2025-01-27 14:45:00,1,0,2025-01-27 14:45:00
U_83_day26_h13,U_83,26,13,5,1,2025-01-27 13:13:00,0,-1,
U_84_day26_h6,U_84,26,6,5,1,2025-01-27 06:04:00,0,-1,
U_85_day26_h11,U_85,26,11,5,1,2025-01-27 11:17:00,0,-1,
U_86_day26_h8,U_86,26,8,5,1,2025-01-27 08:42:00,0,-1,
U_87_day26_h17,U_87,26,17,5,1,2025-01-27 17:06:00,1,100,2025-01-27 18:46:00
U_88_day26_h19,U_88,26,19,5,1,2025-01-27 19:37:00,0,-1,
U_89_day26_h20,U_89,26,20,5,1,2025-01-27 20:07:00,1,60,2025-01-27 21:07:00
U_90_day26_h0,U_90,26,0,5,1,2025-01-27 00:55:00,0,-1,
U_91_day26_h8,U_91,26,8,5,1,2025-01-27 08:29:00,1,32,2025-01-27 09:01:00
U_92_day26_h16,U_92,26,16,5,1,2025-01-27 16:30:00,0,-1,
U_93_day26_h11,U_93,26,11,5,1,2025-01-27 11:38:00,0,-1,
U_94_day26_h16,U_94,26,16,5,1,2025-01-27 16:45:00,1,24,2025-01-27 17:09:00
U_95_day26_h22,U_95,26,22,5,1,2025-01-27 22:31:00,0,-1,
U_96_day26_h9,U_96,26,9,5,1,2025-01-27 09:20:00,0,-1,
U_97_day26_h16,U_97,26,16,5,1,2025-01-27 16:38:00,0,-1,
U_98_day26_h7,U_98,26,7,5,1,2025-01-27 07:33:00,0,-1,
U_99_day26_h18,U_99,26,18,5,1,2025-01-27 18:33:00,0,-1,
U_100_day26_h12,U_100,26,12,5,1,2025-01-27 12:42:00,1,6,2025-01-27 12:48:00
U_1_day27_h19,U_1,27,19,6,1,2025-01-28 19:27:00,0,-1,
U_2_day27_h12,U_2,27,12,6,1,2025-01-28 12:37:00,0,-1,
U_3_day27_h14,U_3,27,14,6,1,2025-01-28 14:46:00,0,-1,
U_4_day27_h10,U_4,27,10,6,1,2025-01-28 10:18:00,0,-1,
U_5_day27_h18,U_5,27,18,6,1,2025-01-28 18:15:00,1,63,2025-01-28 19:18:00
U_6_day27_h3,U_6,27,3,6,1,2025-01-28 03:02:00,0,-1,
U_7_day27_h22,U_7,27,22,6,1,2025-01-28 22:51:00,1,3,2025-01-28 22:54:00
U_8_day27_h8,U_8,27,8,6,1,2025-01-28 08:06:00,0,-1,
U_9_day27_h19,U_9,27,19,6,1,2025-01-28 19:43:00,0,-1,
U_10_day27_h10,U_10,27,10,6,1,2025-01-28 10:34:00,0,-1,
U_11_day27_h9,U_11,27,9,6,1,2025-01-28 09:48:00,1,1,2025-01-28 09:49:00
U_12_day27_h22,U_12,27,22,6,1,2025-01-28 22:51:00,0,-1,
U_13_day27_h21,U_13,27,21,6,1,2025-01-28 21:47:00,0,-1,
U_14_day27_h18,U_14,27,18,6,1,2025-01-28 18:15:00,1,11,2025-01-28 18:26:00
U_15_day27_h19,U_15,27,19,6,1,2025-01-28 19:39:00,0,-1,
U_16_day27_h12,U_16,27,12,6,1,2025-01-28 12:03:00,0,-1,
U_17_day27_h19,U_17,27,19,6,1,2025-01-28 19:06:00,0,-1,
U_18_day27_h20,U_18,27,20,6,1,2025-01-28 20:35:00,1,12,2025-01-28 20:47:00
U_19_day27_h21,U_19,27,21,6,1,2025-01-28 21:32:00,0,-1,
U_20_day27_h13,U_20,27,13,6,1,2025-01-28 13:57:00,0,-1,
U_21_day27_h13,U_21,27,13,6,1,2025-01-28 13:06:00,1,13,2025-01-28 13:19:00
U_22_day27_h7,U_22,27,7,6,1,2025-01-28 07:55:00,0,-1,
U_23_day27_h16,U_23,27,16,6,1,2025-01-28 16:20:00,0,-1,
U_24_day27_h20,U_24,27,20,6,1,2025-01-28 20:26:00,0,-1,
U_25_day27_h4,U_25,27,4,6,1,2025-01-28 04:19:00,0,-1,
U_26_day27_h5,U_26,27,5,6,1,2025-01-28 05:21:00,0,-1,
U_27_day27_h22,U_27,27,22,6,1,2025-01-28 22:04:00,0,-1,
U_28_day27_h19,U_28,27,19,6,1,2025-01-28 19:02:00,0,-1,
U_29_day27_h14,U_29,27,14,6,1,2025-01-28 14:51:00,0,-1,
U_30_day27_h22,U_30,27,22,6,1,2025-01-28 22:00:00,1,0,2025-01-28 22:00:00
U_31_day27_h17,U_31,27,17,6,1,2025-01-28 17:01:00,0,-1,
U_32_day27_h21,U_32,27,21,6,1,2025-01-28 21:12:00,0,-1,
U_33_day27_h21,U_33,27,21,6,1,2025-01-28 21:59:00,0,-1,
U_34_day27_h20,U_34,27,20,6,1,2025-01-28 20:17:00,0,-1,
U_35_day27_h16,U_35,27,16,6,1,2025-01-28 16:15:00,0,-1,
U_36_day27_h11,U_36,27,11,6,1,2025-01-28 11:39:00,0,-1,
U_37_day27_h10,U_37,27,10,6,1,2025-01-28 10:12:00,0,-1,
U_38_day27_h18,U_38,27,18,6,1,2025-01-28 18:11:00,0,-1,
U_39_day27_h20,U_39,27,20,6,1,2025-01-28 20:00:00,0,-1,
U_40_day27_h19,U_40,27,19,6,1,2025-01-28 19:14:00,0,-1,
U_41_day27_h15,U_41,27,15,6,1,2025-01-28 15:19:00,0,-1,
U_42_day27_h12,U_42,27,12,6,1,2025-01-28 12:11:00,0,-1,
U_43_day27_h9,U_43,27,9,6,1,2025-01-28 09:11:00,0,-1,
U_44_day27_h17,U_44,27,17,6,1,2025-01-28 17:46:00,0,-1,
U_45_day27_h16,U_45,27,16,6,1,2025-01-28 16:20:00,0,-1,
U_46_day27_h12,U_46,27,12,6,1,2025-01-28 12:33:00,0,-1,
U_47_day27_h14,U_47,27,14,6,1,2025-01-28 14:30:00,0,-1,
U_48_day27_h11,U_48,27,11,6,1,2025-01-28 11:24:00,0,-1,
U_49_day27_h6,U_49,27,6,6,1,2025-01-28 06:01:00,0,-1,
U_50_day27_h19,U_50,27,19,6,1,2025-01-28 19:26:00,0,-1,
U_51_day27_h12,U_51,27,12,6,1,2025-01-28 12:24:00,0,-1,
U_52_day27_h16,U_52,27,16,6,1,2025-01-28 16:49:00,0,-1,
U_53_day27_h19,U_53,27,19,6,1,2025-01-28 19:17:00,0,-1,
U_54_day27_h16,U_54,27,16,6,1,2025-01-28 16:05:00,0,-1,
U_55_day27_h7,U_55,27,7,6,1,2025-01-28 07:47:00,1,3,2025-01-28 07:50:00
U_56_day27_h18,U_56,27,18,6,1,2025-01-28 18:47:00,0,-1,
U_57_day27_h15,U_57,27,15,6,1,2025-01-28 15:38:00,0,-1,
U_58_day27_h8,U_58,27,8,6,1,2025-01-28 08:29:00,0,-1,
U_59_day27_h17,U_59,27,17,6,1,2025-01-28 17:48:00,0,-1,
U_60_day27_h8,U_60,27,8,6,1,2025-01-28 08:42:00,0,-1,
U_61_day27_h18,U_61,27,18,6,1,2025-01-28 18:00:00,0,-1,
U_62_day27_h14,U_62,27,14,6,1,2025-01-28 14:40:00,0,-1,
U_63_day27_h17,U_63,27,17,6,1,2025-01-28 17:25:00,1,58,2025-01-28 18:23:00
U_64_day27_h21,U_64,27,21,6,1,2025-01-28 21:08:00,0,-1,
U_65_day27_h8,U_65,27,8,6,1,2025-01-28 08:05:00,0,-1,
U_66_day27_h12,U_66,27,12,6,1,2025-01-28 12:37:00,1,8,2025-01-28 12:45:00
U_67_day27_h16,U_67,27,16,6,1,2025-01-28 16:30:00,0,-1,
U_68_day27_h15,U_68,27,15,6,1,2025-01-28 15:29:00,0,-1,
U_69_day27_h14,U_69,27,14,6,1,2025-01-28 14:54:00,0,-1,
U_70_day27_h17,U_70,27,17,6,1,2025-01-28 17:11:00,1,5,2025-01-28 17:16:00
U_71_day27_h13,U_71,27,13,6,1,2025-01-28 13:16:00,0,-1,
U_72_day27_h13,U_72,27,13,6,1,2025-01-28 13:03:00,0,-1,
U_73_day27_h14,U_73,27,14,6,1,2025-01-28 14:37:00,1,1,2025-01-28 14:38:00
U_74_day27_h7,U_74,27,7,6,1,2025-01-28 07:42:00,0,-1,
U_75_day27_h9,U_75,27,9,6,1,2025-01-28 09:11:00,0,-1,
U_76_day27_h23,U_76,27,23,6,1,2025-01-28 23:36:00,0,-1,
U_77_day27_h23,U_77,27,23,6,1,2025-01-28 23:12:00,0,-1,
U_78_day27_h9,U_78,27,9,6,1,2025-01-28 09:58:00,1,3,2025-01-28 10:01:00
U_79_day27_h13,U_79,27,13,6,1,2025-01-28 13:08:00,0,-1,
U_80_day27_h12,U_80,27,12,6,1,2025-01-28 12:14:00,0,-1,
U_81_day27_h4,U_81,27,4,6,1,2025-01-28 04:59:00,0,-1,
U_82_day27_h13,U_82,27,13,6,1,2025-01-28 13:32:00,1,142,2025-01-28 15:54:00
U_83_day27_h18,U_83,27,18,6,1,2025-01-28 18:43:00,0,-1,
U_84_day27_h15,U_84,27,15,6,1,2025-01-28 15:46:00,1,0,2025-01-28 15:46:00
U_85_day27_h16,U_85,27,16,6,1,2025-01-28 16:08:00,0,-1,
U_86_day27_h13,U_86,27,13,6,1,2025-01-28 13:42:00,0,-1,
U_87_day27_h11,U_87,27,11,6,1,2025-01-28 11:56:00,0,-1,
U_88_day27_h21,U_88,27,21,6,1,2025-01-28 21:47:00,1,2,2025-01-28 21:49:00
U_89_day27_h21,U_89,27,21,6,1,2025-01-28 21:14:00,1,18,2025-01-28 21:32:00
U_90_day27_h23,U_90,27,23,6,1,2025-01-28 23:15:00,0,-1,
U_91_day27_h19,U_91,27,19,6,1,2025-01-28 19:34:00,0,-1,
U_92_day27_h18,U_92,27,18,6,1,2025-01-28 18:03:00,0,-1,
U_93_day27_h8,U_93,27,8,6,1,2025-01-28 08:40:00,0,-1,
U_94_day27_h0,U_94,27,0,6,1,2025-01-28 00:00:00,0,-1,
U_95_day27_h12,U_95,27,12,6,1,2025-01-28 12:46:00,0,-1,
U_96_day27_h9,U_96,27,9,6,1,2025-01-28 09:06:00,0,-1,
U_97_day27_h4,U_97,27,4,6,1,2025-01-28 04:05:00,0,-1,
U_98_day27_h22,U_98,27,22,6,1,2025-01-28 22:14:00,0,-1,
U_99_day27_h8,U_99,27,8,6,1,2025-01-28 08:43:00,0,-1,
U_100_day27_h22,U_100,27,22,6,1,2025-01-28 22:58:00,1,18,2025-01-28 23:16:00
U_1_day28_h11,U_1,28,11,0,0,2025-01-29 11:33:00,0,-1,
U_2_day28_h0,U_2,28,0,0,0,2025-01-29 00:30:00,0,-1,
U_3_day28_h19,U_3,28,19,0,0,2025-01-29 19:31:00,1,103,2025-01-29 21:14:00
U_4_day28_h19,U_4,28,19,0,0,2025-01-29 19:38:00,1,4,2025-01-29 19:42:00
U_5_day28_h5,U_5,28,5,0,0,2025-01-29 05:06:00,0,-1,
U_6_day28_h14,U_6,28,14,0,0,2025-01-29 14:35:00,0,-1,
U_7_day28_h6,U_7,28,6,0,0,2025-01-29 06:29:00,0,-1,
U_8_day28_h19,U_8,28,19,0,0,2025-01-29 19:50:00,0,-1,
U_9_day28_h16,U_9,28,16,0,0,2025-01-29 16:11:00,0,-1,
U_10_day28_h15,U_10,28,15,0,0,2025-01-29 15:03:00,0,-1,
U_11_day28_h15,U_11,28,15,0,0,2025-01-29 15:28:00,0,-1,
U_12_day28_h16,U_12,28,16,0,0,2025-01-29 16:25:00,1,4,2025-01-29 16:29:00
U_13_day28_h17,U_13,28,17,0,0,2025-01-29 17:06:00,1,33,2025-01-29 17:39:00
U_14_day28_h20,U_14,28,20,0,0,2025-01-29 20:54:00,1,1,2025-01-29 20:55:00
U_15_day28_h20,U_15,28,20,0,0,2025-01-29 20:43:00,0,-1,
U_16_day28_h16,U_16,28,16,0,0,2025-01-29 16:28:00,1,10,2025-01-29 16:38:00
U_17_day28_h18,U_17,28,18,0,0,2025-01-29 18:50:00,0,-1,
U_18_day28_h21,U_18,28,21,0,0,2025-01-29 21:19:00,1,6,2025-01-29 21:25:00
U_19_day28_h18,U_19,28,18,0,0,2025-01-29 18:04:00,0,-1,
U_20_day28_h7,U_20,28,7,0,0,2025-01-29 07:43:00,0,-1,
U_21_day28_h23,U_21,28,23,0,0,2025-01-29 23:27:00,0,-1,
U_22_day28_h10,U_22,28,10,0,0,2025-01-29 10:27:00,0,-1,
U_23_day28_h7,U_23,28,7,0,0,2025-01-29 07:12:00,0,-1,
U_24_day28_h9,U_24,28,9,0,0,2025-01-29 09:08:00,0,-1,
U_25_day28_h20,U_25,28,20,0,0,2025-01-29 20:37:00,0,-1,
U_26_day28_h18,U_26,28,18,0,0,2025-01-29 18:08:00,1,11,2025-01-29 18:19:00
U_27_day28_h9,U_27,28,9,0,0,2025-01-29 09:43:00,0,-1,
U_28_day28_h8,U_28,28,8,0,0,2025-01-29 08:42:00,0,-1,
U_29_day28_h11,U_29,28,11,0,0,2025-01-29 11:03:00,0,-1,
U_30_day28_h4,U_30,28,4,0,0,2025-01-29 04:34:00,0,-1,
U_31_day28_h16,U_31,28,16,0,0,2025-01-29 16:46:00,0,-1,
U_32_day28_h10,U_32,28,10,0,0,2025-01-29 10:09:00,0,-1,
U_33_day28_h22,U_33,28,22,0,0,2025-01-29 22:31:00,0,-1,
U_34_day28_h14,U_34,28,14,0,0,2025-01-29 14:16:00,0,-1,
U_35_day28_h16,U_35,28,16,0,0,2025-01-29 16:44:00,0,-1,
U_36_day28_h21,U_36,28,21,0,0,2025-01-29 21:19:00,0,-1,
U_37_day28_h12,U_37,28,12,0,0,2025-01-29 12:02:00,1,30,2025-01-29 12:32:00
U_38_day28_h18,U_38,28,18,0,0,2025-01-29 18:57:00,0,-1,
U_39_day28_h6,U_39,28,6,0,0,2025-01-29 06:35:00,0,-1,
U_40_day28_h7,U_40,28,7,0,0,2025-01-29 07:59:00,0,-1,
U_41_day28_h18,U_41,28,18,0,0,2025-01-29 18:25:00,0,-1,
U_42_day28_h10,U_42,28,10,0,0,2025-01-29 10:46:00,0,-1,
U_43_day28_h20,U_43,28,20,0,0,2025-01-29 20:43:00,0,-1,
U_44_day28_h10,U_44,28,10,0,0,2025-01-29 10:58:00,0,-1,
U_45_day28_h17,U_45,28,17,0,0,2025-01-29 17:09:00,0,-1,
U_46_day28_h22,U_46,28,22,0,0,2025-01-29 22:26:00,0,-1,
U_47_day28_h15,U_47,28,15,0,0,2025-01-29 15:00:00,0,-1,
U_48_day28_h13,U_48,28,13,0,0,2025-01-29 13:36:00,0,-1,
U_49_day28_h18,U_49,28,18,0,0,2025-01-29 18:30:00,0,-1,
U_50_day28_h14,U_50,28,14,0,0,2025-01-29 14:30:00,0,-1,
U_51_day28_h21,U_51,28,21,0,0,2025-01-29 21:42:00,1,7,2025-01-29 21:49:00
U_52_day28_h20,U_52,28,20,0,0,2025-01-29 20:28:00,0,-1,
U_53_day28_h8,U_53,28,8,0,0,2025-01-29 08:59:00,1,1,2025-01-29 09:00:00
U_54_day28_h22,U_54,28,22,0,0,2025-01-29 22:54:00,0,-1,
U_55_day28_h17,U_55,28,17,0,0,2025-01-29 17:18:00,1,218,2025-01-29 20:56:00
U_56_day28_h0,U_56,28,0,0,0,2025-01-29 00:34:00,0,-1,
U_57_day28_h17,U_57,28,17,0,0,2025-01-29 17:28:00,0,-1,
U_58_day28_h16,U_58,28,16,0,0,2025-01-29 16:25:00,1,1,2025-01-29 16:26:00
U_59_day28_h17,U_59,28,17,0,0,2025-01-29 17:35:00,1,13,2025-01-29 17:48:00
U_60_day28_h8,U_60,28,8,0,0,2025-01-29 08:59:00,0,-1,
U_61_day28_h19,U_61,28,19,0,0,2025-01-29 19:14:00,0,-1,
U_62_day28_h12,U_62,28,12,0,0,2025-01-29 12:18:00,0,-1,
U_63_day28_h18,U_63,28,18,0,0,2025-01-29 18:10:00,0,-1,
U_64_day28_h16,U_64,28,16,0,0,2025-01-29 16:49:00,0,-1,
U_65_day28_h10,U_65,28,10,0,0,2025-01-29 10:20:00,0,-1,
U_66_day28_h13,U_66,28,13,0,0,2025-01-29 13:27:00,1,2,2025-01-29 13:29:00
U_67_day28_h13,U_67,28,13,0,0,2025-01-29 13:28:00,0,-1,
U_68_day28_h14,U_68,28,14,0,0,2025-01-29 14:21:00,0,-1,
U_69_day28_h20,U_69,28,20,0,0,2025-01-29 20:56:00,0,-1,
U_70_day28_h9,U_70,28,9,0,0,2025-01-29 09:25:00,0,-1,
U_71_day28_h19,U_71,28,19,0,0,2025-01-29 19:25:00,0,-1,
U_72_day28_h14,U_72,28,14,0,0,2025-01-29 14:55:00,0,-1,
U_73_day28_h1,U_73,28,1,0,0,2025-01-29 01:18:00,0,-1,
U_74_day28_h12,U_74,28,12,0,0,2025-01-29 12:14:00,0,-1,
U_75_day28_h12,U_75,28,12,0,0,2025-01-29 12:24:00,0,-1,
U_76_day28_h18,U_76,28,18,0,0,2025-01-29 18:08:00,0,-1,
U_77_day28_h8,U_77,28,8,0,0,2025-01-29 08:30:00,1,15,2025-01-29 08:45:00
U_78_day28_h11,U_78,28,11,0,0,2025-01-29 11:39:00,1,2,2025-01-29 11:41:00
U_79_day28_h8,U_79,28,8,0,0,2025-01-29 08:01:00,1,38,2025-01-29 08:39:00
U_80_day28_h9,U_80,28,9,0,0,2025-01-29 09:20:00,0,-1,
U_81_day28_h16,U_81,28,16,0,0,2025-01-29 16:22:00,0,-1,
U_82_day28_h5,U_82,28,5,0,0,2025-01-29 05:24:00,0,-1,
U_83_day28_h1,U_83,28,1,0,0,2025-01-29 01:53:00,0,-1,
U_84_day28_h17,U_84,28,17,0,0,2025-01-29 17:49:00,0,-1,
U_85_day28_h17,U_85,28,17,0,0,2025-01-29 17:56:00,0,-1,
U_86_day28_h19,U_86,28,19,0,0,2025-01-29 19:05:00,0,-1,
U_87_day28_h17,U_87,28,17,0,0,2025-01-29 17:42:00,1,0,2025-01-29 17:42:00
U_88_day28_h20,U_88,28,20,0,0,2025-01-29 20:05:00,1,3,2025-01-29 20:08:00
U_89_day28_h15,U_89,28,15,0,0,2025-01-29 15:11:00,0,-1,
U_90_day28_h19,U_90,28,19,0,0,2025-01-29 19:39:00,0,-1,
U_91_day28_h10,U_91,28,10,0,0,2025-01-29 10:30:00,0,-1,
U_92_day28_h20,U_92,28,20,0,0,2025-01-29 20:13:00,0,-1,
U_93_day28_h21,U_93,28,21,0,0,2025-01-29 21:59:00,0,-1,
U_94_day28_h15,U_94,28,15,0,0,2025-01-29 15:44:00,0,-1,
U_95_day28_h22,U_95,28,22,0,0,2025-01-29 22:08:00,1,5,2025-01-29 22:13:00
U_96_day28_h12,U_96,28,12,0,0,2025-01-29 12:39:00,1,0,2025-01-29 12:39:00
U_97_day28_h14,U_97,28,14,0,0,2025-01-29 14:14:00,0,-1,
U_98_day28_h6,U_98,28,6,0,0,2025-01-29 06:11:00,1,1,2025-01-29 06:12:00
U_99_day28_h10,U_99,28,10,0,0,2025-01-29 10:47:00,0,-1,
U_100_day28_h16,U_100,28,16,0,0,2025-01-29 16:49:00,0,-1,
U_1_day29_h22,U_1,29,22,1,0,2025-01-30 22:14:00,0,-1,
U_2_day29_h10,U_2,29,10,1,0,2025-01-30 10:32:00,0,-1,
U_3_day29_h19,U_3,29,19,1,0,2025-01-30 19:35:00,1,1,2025-01-30 19:36:00
U_4_day29_h0,U_4,29,0,1,0,2025-01-30 00:41:00,0,-1,
U_5_day29_h8,U_5,29,8,1,0,2025-01-30 08:49:00,0,-1,
U_6_day29_h18,U_6,29,18,1,0,2025-01-30 18:54:00,1,11,2025-01-30 19:05:00
U_7_day29_h21,U_7,29,21,1,0,2025-01-30 21:10:00,0,-1,
U_8_day29_h17,U_8,29,17,1,0,2025-01-30 17:39:00,0,-1,
U_9_day29_h19,U_9,29,19,1,0,2025-01-30 19:29:00,0,-1,
U_10_day29_h18,U_10,29,18,1,0,2025-01-30 18:16:00,0,-1,
U_11_day29_h11,U_11,29,11,1,0,2025-01-30 11:50:00,0,-1,
U_12_day29_h18,U_12,29,18,1,0,2025-01-30 18:24:00,0,-1,
U_13_day29_h14,U_13,29,14,1,0,2025-01-30 14:51:00,0,-1,
U_14_day29_h10,U_14,29,10,1,0,2025-01-30 10:33:00,0,-1,
U_15_day29_h14,U_15,29,14,1,0,2025-01-30 14:18:00,0,-1,
U_16_day29_h22,U_16,29,22,1,0,2025-01-30 22:17:00,0,-1,
U_17_day29_h14,U_17,29,14,1,0,2025-01-30 14:45:00,0,-1,
U_18_day29_h17,U_18,29,17,1,0,2025-01-30 17:18:00,1,9,2025-01-30 17:27:00
U_19_day29_h10,U_19,29,10,1,0,2025-01-30 10:41:00,0,-1,
U_20_day29_h7,U_20,29,7,1,0,2025-01-30 07:15:00,0,-1,
U_21_day29_h16,U_21,29,16,1,0,2025-01-30 16:44:00,1,5,2025-01-30 16:49:00
U_22_day29_h8,U_22,29,8,1,0,2025-01-30 08:45:00,0,-1,
U_23_day29_h16,U_23,29,16,1,0,2025-01-30 16:51:00,0,-1,
U_24_day29_h10,U_24,29,10,1,0,2025-01-30 10:10:00,0,-1,
U_25_day29_h18,U_25,29,18,1,0,2025-01-30 18:15:00,0,-1,
U_26_day29_h18,U_26,29,18,1,0,2025-01-30 18:21:00,0,-1,
U_27_day29_h10,U_27,29,10,1,0,2025-01-30 10:39:00,0,-1,
U_28_day29_h19,U_28,29,19,1,0,2025-01-30 19:54:00,0,-1,
U_29_day29_h13,U_29,29,13,1,0,2025-01-30 13:45:00,1,12,2025-01-30 13:57:00
U_30_day29_h10,U_30,29,10,1,0,2025-01-30 10:21:00,0,-1,
U_31_day29_h9,U_31,29,9,1,0,2025-01-30 09:43:00,0,-1,
U_32_day29_h10,U_32,29,10,1,0,2025-01-30 10:34:00,0,-1,
U_33_day29_h7,U_33,29,7,1,0,2025-01-30 07:35:00,0,-1,
U_34_day29_h21,U_34,29,21,1,0,2025-01-30 21:29:00,0,-1,
U_35_day29_h18,U_35,29,18,1,0,2025-01-30 18:29:00,0,-1,
U_36_day29_h7,U_36,29,7,1,0,2025-01-30 07:37:00,1,4,2025-01-30 07:41:00
U_37_day29_h18,U_37,29,18,1,0,2025-01-30 18:21:00,0,-1,
U_38_day29_h17,U_38,29,17,1,0,2025-01-30 17:31:00,0,-1,
U_39_day29_h10,U_39,29,10,1,0,2025-01-30 10:40:00,1,2,2025-01-30 10:42:00
U_40_day29_h0,U_40,29,0,1,0,2025-01-30 00:28:00,0,-1,
U_41_day29_h14,U_41,29,14,1,0,2025-01-30 14:09:00,0,-1,
U_42_day29_h9,U_42,29,9,1,0,2025-01-30 09:31:00,1,43,2025-01-30 10:14:00
U_43_day29_h8,U_43,29,8,1,0,2025-01-30 08:21:00,0,-1,
U_44_day29_h7,U_44,29,7,1,0,2025-01-30 07:26:00,0,-1,
U_45_day29_h18,U_45,29,18,1,0,2025-01-30 18:17:00,0,-1,
U_46_day29_h23,U_46,29,23,1,0,2025-01-30 23:55:00,1,9,2025-01-31 00:04:00
U_47_day29_h19,U_47,29,19,1,0,2025-01-30 19:37:00,0,-1,
U_48_day29_h13,U_48,29,13,1,0,2025-01-30 13:08:00,1,14,2025-01-30 13:22:00
U_49_day29_h17,U_49,29,17,1,0,2025-01-30 17:30:00,1,3,2025-01-30 17:33:00
U_50_day29_h18,U_50,29,18,1,0,2025-01-30 18:53:00,0,-1,
U_51_day29_h12,U_51,29,12,1,0,2025-01-30 12:45:00,0,-1,
U_52_day29_h9,U_52,29,9,1,0,2025-01-30 09:53:00,0,-1,
U_53_day29_h17,U_53,29,17,1,0,2025-01-30 17:40:00,0,-1,
U_54_day29_h21,U_54,29,21,1,0,2025-01-30 21:45:00,0,-1,
U_55_day29_h12,U_55,29,12,1,0,2025-01-30 12:12:00,1,12,2025-01-30 12:24:00
U_56_day29_h13,U_56,29,13,1,0,2025-01-30 13:45:00,0,-1,
U_57_day29_h10,U_57,29,10,1,0,2025-01-30 10:51:00,0,-1,
U_58_day29_h6,U_58,29,6,1,0,2025-01-30 06:37:00,1,9,2025-01-30 06:46:00
U_59_day29_h15,U_59,29,15,1,0,2025-01-30 15:15:00,0,-1,
U_60_day29_h16,U_60,29,16,1,0,2025-01-30 16:06:00,0,-1,
U_61_day29_h15,U_61,29,15,1,0,2025-01-30 15:45:00,1,1,2025-01-30 15:46:00
U_62_day29_h7,U_62,29,7,1,0,2025-01-30 07:58:00,0,-1,
U_63_day29_h20,U_63,29,20,1,0,2025-01-30 20:16:00,1,67,2025-01-30 21:23:00
U_64_day29_h18,U_64,29,18,1,0,2025-01-30 18:45:00,1,6,2025-01-30 18:51:00
U_65_day29_h14,U_65,29,14,1,0,2025-01-30 14:22:00,0,-1,
U_66_day29_h12,U_66,29,12,1,0,2025-01-30 12:14:00,0,-1,
U_67_day29_h18,U_67,29,18,1,0,2025-01-30 18:22:00,0,-1,
U_68_day29_h19,U_68,29,19,1,0,2025-01-30 19:16:00,0,-1,
U_69_day29_h14,U_69,29,14,1,0,2025-01-30 14:14:00,0,-1,
U_70_day29_h21,U_70,29,21,1,0,2025-01-30 21:43:00,1,52,2025-01-30 22:35:00
U_71_day29_h21,U_71,29,21,1,0,2025-01-30 21:42:00,0,-1,
U_72_day29_h6,U_72,29,6,1,0,2025-01-30 06:23:00,0,-1,
U_73_day29_h19,U_73,29,19,1,0,2025-01-30 19:23:00,0,-1,
U_74_day29_h11,U_74,29,11,1,0,2025-01-30 11:40:00,1,154,2025-01-30 14:14:00
U_75_day29_h5,U_75,29,5,1,0,2025-01-30 05:44:00,0,-1,
U_76_day29_h21,U_76,29,21,1,0,2025-01-30 21:49:00,0,-1,
U_77_day29_h10,U_77,29,10,1,0,2025-01-30 10:37:00,1,2,2025-01-30 10:39:00
U_78_day29_h22,U_78,29,22,1,0,2025-01-30 22:06:00,0,-1,
U_79_day29_h16,U_79,29,16,1,0,2025-01-30 16:28:00,0,-1,
U_80_day29_h18,U_80,29,18,1,0,2025-01-30 18:45:00,1,0,2025-01-30 18:45:00
U_81_day29_h16,U_81,29,16,1,0,2025-01-30 16:40:00,0,-1,
U_82_day29_h12,U_82,29,12,1,0,2025-01-30 12:07:00,0,-1,
U_83_day29_h13,U_83,29,13,1,0,2025-01-30 13:38:00,0,-1,
U_84_day29_h18,U_84,29,18,1,0,2025-01-30 18:11:00,1,3,2025-01-30 18:14:00
U_85_day29_h15,U_85,29,15,1,0,2025-01-30 15:01:00,0,-1,
U_86_day29_h13,U_86,29,13,1,0,2025-01-30 13:47:00,0,-1,
U_87_day29_h18,U_87,29,18,1,0,2025-01-30 18:45:00,1,21,2025-01-30 19:06:00
U_88_day29_h18,U_88,29,18,1,0,2025-01-30 18:19:00,0,-1,
U_89_day29_h22,U_89,29,22,1,0,2025-01-30 22:47:00,0,-1,
U_90_day29_h23,U_90,29,23,1,0,2025-01-30 23:04:00,0,-1,
U_91_day29_h19,U_91,29,19,1,0,2025-01-30 19:34:00,0,-1,
U_92_day29_h22,U_92,29,22,1,0,2025-01-30 22:29:00,0,-1,
U_93_day29_h10,U_93,29,10,1,0,2025-01-30 10:37:00,1,0,2025-01-30 10:37:00
U_94_day29_h17,U_94,29,17,1,0,2025-01-30 17:24:00,1,1,2025-01-30 17:25:00
U_95_day29_h20,U_95,29,20,1,0,2025-01-30 20:26:00,0,-1,
U_96_day29_h6,U_96,29,6,1,0,2025-01-30 06:27:00,0,-1,
U_97_day29_h6,U_97,29,6,1,0,2025-01-30 06:09:00,0,-1,
U_98_day29_h14,U_98,29,14,1,0,2025-01-30 14:44:00,0,-1,
U_99_day29_h18,U_99,29,18,1,0,2025-01-30 18:06:00,0,-1,
U_100_day29_h0,U_100,29,0,1,0,2025-01-30 00:48:00,0,-1,
